gene,ensembl_id,CTRL_RG_detected_cells,CTRL_RG_detection_percentage,CTRL_IPC_detected_cells,CTRL_IPC_detection_percentage,CTRL_Young_detected_cells,CTRL_Young_detection_percentage
HES4,ENSG00000188290,1086,89.75206611570248,284,62.144420131291035,982,74.50682852807283
AURKAIP1,ENSG00000175756,856,70.74380165289256,299,65.42669584245077,973,73.82397572078906
MRPL20,ENSG00000242485,926,76.52892561983471,327,71.55361050328227,1004,76.17602427921094
SSU72,ENSG00000160075,833,68.84297520661157,285,62.36323851203501,931,70.63732928679818
GNB1,ENSG00000078369,1144,94.54545454545455,451,98.6870897155361,1294,98.17905918057663
FAAP20,ENSG00000162585,708,58.51239669421487,242,52.95404814004377,775,58.801213960546285
PRDM16,ENSG00000142611,867,71.65289256198348,78,17.067833698030636,79,5.993930197268589
RPL22,ENSG00000116251,1210,100.0,457,100.0,1318,100.0
CAMTA1,ENSG00000171735,1176,97.19008264462809,440,96.2800875273523,1284,97.42033383915023
PARK7,ENSG00000116288,1174,97.02479338842976,446,97.59299781181619,1279,97.04097116843703
ENO1,ENSG00000074800,1208,99.83471074380165,446,97.59299781181619,1267,96.13050075872535
CLSTN1,ENSG00000171603,713,58.925619834710744,283,61.925601750547045,823,62.44309559939302
LZIC,ENSG00000162441,719,59.42148760330579,286,62.58205689277899,904,68.5887708649469
UBE4B,ENSG00000130939,717,59.256198347107436,285,62.36323851203501,870,66.00910470409713
KIF1B,ENSG00000054523,1200,99.17355371900827,452,98.90590809628009,1309,99.31714719271623
PGD,ENSG00000142657,679,56.11570247933885,221,48.35886214442014,767,58.19423368740516
TARDBP,ENSG00000120948,663,54.79338842975206,244,53.39168490153173,707,53.64188163884673
SRM,ENSG00000116649,644,53.223140495867774,233,50.984682713347915,808,61.305007587253414
VPS13D,ENSG00000048707,669,55.289256198347104,224,49.01531728665208,821,62.29135053110774
PRDM2,ENSG00000116731,841,69.50413223140495,350,76.58643326039387,1089,82.62518968133536
KAZN,ENSG00000189337,1194,98.67768595041322,396,86.65207877461707,1260,95.59939301972686
FBXO42,ENSG00000037637,642,53.05785123966942,247,54.04814004376368,754,57.207890743550834
CROCC,ENSG00000058453,729,60.247933884297524,312,68.27133479212254,888,67.37481031866464
MFAP2,ENSG00000117122,677,55.950413223140494,197,43.10722100656455,217,16.46433990895296
SDHB,ENSG00000117118,731,60.413223140495866,198,43.32603938730853,717,54.40060698027314
RCC2,ENSG00000179051,646,53.388429752066116,235,51.42231947483589,547,41.502276176024274
MRTO4,ENSG00000053372,620,51.2396694214876,149,32.60393873085339,482,36.57056145675266
AKR7A2,ENSG00000053371,659,54.46280991735537,186,40.70021881838075,555,42.1092564491654
CAPZB,ENSG00000077549,997,82.39669421487604,367,80.30634573304157,1123,85.20485584218514
MICOS10,ENSG00000173436,843,69.66942148760332,293,64.11378555798687,949,72.00303490136571
CAMK2N1,ENSG00000162545,946,78.18181818181819,389,85.12035010940919,1276,96.81335356600911
DDOST,ENSG00000244038,734,60.66115702479339,232,50.76586433260394,602,45.6752655538695
HP1BP3,ENSG00000127483,1106,91.40495867768595,432,94.52954048140045,1219,92.4886191198786
EIF4G3,ENSG00000075151,1201,99.25619834710744,452,98.90590809628009,1310,99.39301972685888
USP48,ENSG00000090686,722,59.6694214876033,226,49.45295404814004,865,65.62974203338392
CDC42,ENSG00000070831,1101,90.99173553719008,422,92.34135667396062,1277,96.88922610015175
ID3,ENSG00000117318,831,68.67768595041322,75,16.411378555798688,117,8.877086494688923
RPL11,ENSG00000142676,1210,100.0,457,100.0,1318,100.0
PNRC2,ENSG00000189266,746,61.65289256198348,217,47.4835886214442,572,43.39908952959029
SRSF10,ENSG00000188529,1161,95.9504132231405,434,94.9671772428884,1213,92.03338391502275
SRRM1,ENSG00000133226,1159,95.78512396694215,423,92.5601750547046,1223,92.79210925644917
CLIC4,ENSG00000169504,677,55.950413223140494,322,70.45951859956236,984,74.65857359635811
SYF2,ENSG00000117614,875,72.31404958677686,360,78.7746170678337,991,75.18968133535661
TMEM50A,ENSG00000183726,773,63.88429752066116,354,77.4617067833698,1059,80.34901365705615
STMN1,ENSG00000117632,1180,97.52066115702479,457,100.0,1318,100.0
SH3BGRL3,ENSG00000142669,1010,83.47107438016529,440,96.2800875273523,1234,93.62670713201821
HMGN2,ENSG00000198830,1132,93.55371900826445,430,94.09190371991247,1184,89.83308042488619
NUDC,ENSG00000090273,995,82.23140495867769,349,76.36761487964989,1126,85.43247344461305
DNAJC8,ENSG00000126698,1039,85.86776859504133,386,84.46389496717724,1099,83.38391502276176
ATP5IF1,ENSG00000130770,1129,93.30578512396694,407,89.05908096280088,1244,94.38543247344461
PHACTR4,ENSG00000204138,1046,86.44628099173553,416,91.02844638949672,1160,88.01213960546282
YTHDF2,ENSG00000198492,996,82.31404958677686,399,87.30853391684902,1168,88.61911987860395
EPB41,ENSG00000159023,658,54.3801652892562,202,44.201312910284464,713,54.09711684370257
SRSF4,ENSG00000116350,1126,93.05785123966942,406,88.8402625820569,1155,87.63277693474963
PUM1,ENSG00000134644,1139,94.13223140495867,441,96.49890590809628,1271,96.4339908952959
SNRNP40,ENSG00000060688,699,57.768595041322314,204,44.63894967177243,679,51.517450682852804
ZCCHC17,ENSG00000121766,956,79.00826446280992,277,60.61269146608315,1016,77.08649468892261
PTP4A2,ENSG00000184007,897,74.13223140495869,306,66.95842450765865,1014,76.93474962063733
KHDRBS1,ENSG00000121774,1180,97.52066115702479,452,98.90590809628009,1308,99.2412746585736
KPNA6,ENSG00000025800,606,50.082644628099175,225,49.23413566739606,703,53.338391502276174
CCDC28B,ENSG00000160050,663,54.79338842975206,225,49.23413566739606,898,68.13353566009106
EIF3I,ENSG00000084623,1028,84.9586776859504,348,76.14879649890591,1058,80.2731411229135
MARCKSL1,ENSG00000175130,1203,99.42148760330578,455,99.56236323851203,1318,100.0
RBBP4,ENSG00000162521,1080,89.25619834710744,402,87.96498905908096,1177,89.3019726858877
SYNC,ENSG00000162520,627,51.81818181818182,188,41.13785557986871,769,58.34597875569044
PHC2,ENSG00000134686,714,59.008264462809926,408,89.27789934354486,1184,89.83308042488619
SFPQ,ENSG00000116560,1139,94.13223140495867,444,97.15536105032822,1264,95.90288315629742
ZMYM4,ENSG00000146463,895,73.96694214876032,329,71.99124726477024,995,75.49317147192717
KIAA0319L,ENSG00000142687,617,50.99173553719009,202,44.201312910284464,627,47.57207890743551
PSMB2,ENSG00000126067,964,79.66942148760332,379,82.93216630196937,1069,81.10773899848255
THRAP3,ENSG00000054118,1066,88.09917355371901,368,80.52516411378556,1132,85.88770864946889
MEAF6,ENSG00000163875,787,65.0413223140496,309,67.6148796498906,1042,79.05918057663126
C1orf122,ENSG00000197982,869,71.81818181818181,364,79.64989059080962,1061,80.50075872534143
SF3A3,ENSG00000183431,619,51.15702479338843,229,50.10940919037199,658,49.92412746585736
AKIRIN1,ENSG00000174574,841,69.50413223140495,287,62.80087527352297,926,70.25796661608497
NDUFS5,ENSG00000168653,1198,99.00826446280992,454,99.34354485776805,1310,99.39301972685888
CAP1,ENSG00000131236,700,57.85123966942148,273,59.73741794310722,861,65.32625189681336
PPT1,ENSG00000131238,606,50.082644628099175,155,33.91684901531728,383,29.05918057663126
RLF,ENSG00000117000,898,74.21487603305785,361,78.99343544857767,1005,76.25189681335357
SCMH1,ENSG00000010803,905,74.79338842975206,328,71.77242888402627,907,68.81638846737481
FOXJ3,ENSG00000198815,973,80.41322314049587,343,75.054704595186,1070,81.18361153262519
YBX1,ENSG00000065978,1209,99.91735537190083,457,100.0,1318,100.0
PTPRF,ENSG00000142949,619,51.15702479338843,191,41.79431072210066,685,51.97268588770865
ATP6V0B,ENSG00000117410,829,68.51239669421487,397,86.87089715536105,1251,94.9165402124431
ERI3,ENSG00000117419,794,65.6198347107438,244,53.39168490153173,804,61.001517450682854
RPS8,ENSG00000142937,1210,100.0,457,100.0,1318,100.0
ZSWIM5,ENSG00000162415,659,54.46280991735537,315,68.9277899343545,1080,81.94233687405159
PRDX1,ENSG00000117450,1153,95.2892561983471,453,99.12472647702407,1306,99.08952959028832
AKR1A1,ENSG00000117448,815,67.35537190082644,319,69.80306345733041,936,71.01669195751138
GPBP1L1,ENSG00000159592,681,56.28099173553719,246,53.82932166301969,494,37.481031866464335
PIK3R3,ENSG00000117461,774,63.96694214876033,407,89.05908096280088,1239,94.0060698027314
LRRC41,ENSG00000132128,616,50.90909090909091,178,38.949671772428886,552,41.88163884673748
UQCRH,ENSG00000173660,1202,99.3388429752066,451,98.6870897155361,1306,99.08952959028832
CMPK1,ENSG00000162368,679,56.11570247933885,282,61.70678336980306,870,66.00910470409713
DMRTA2,ENSG00000142700,705,58.26446280991735,253,55.36105032822757,294,22.306525037936268
FAF1,ENSG00000185104,1108,91.5702479338843,414,90.59080962800876,1229,93.247344461305
EPS15,ENSG00000085832,638,52.72727272727272,138,30.196936542669583,605,45.90288315629742
OSBPL9,ENSG00000117859,813,67.1900826446281,317,69.36542669584244,1003,76.10015174506829
NRDC,ENSG00000078618,846,69.91735537190083,288,63.01969365426696,951,72.15477996965099
TXNDC12,ENSG00000117862,617,50.99173553719009,169,36.98030634573304,465,35.28072837632777
BTF3L4,ENSG00000134717,1076,88.92561983471074,416,91.02844638949672,1214,92.1092564491654
PRPF38A,ENSG00000134748,637,52.64462809917355,178,38.949671772428886,556,42.18512898330804
TUT4,ENSG00000134744,1120,92.56198347107438,426,93.21663019693655,1232,93.47496206373293
MAGOH,ENSG00000162385,844,69.75206611570248,262,57.330415754923415,658,49.92412746585736
IFT25,ENSG00000081870,618,51.074380165289256,72,15.75492341356674,493,37.405159332321695
TMEM59,ENSG00000116209,1035,85.53719008264463,424,92.77899343544857,1282,97.26858877086495
SSBP3,ENSG00000157216,872,72.06611570247934,347,75.92997811816193,1048,79.5144157814871
PLPP3,ENSG00000162407,971,80.24793388429752,100,21.88183807439825,66,5.007587253414264
PRKAA2,ENSG00000162409,634,52.396694214876035,134,29.321663019693656,542,41.122913505311075
DAB1,ENSG00000173406,1078,89.0909090909091,259,56.67396061269147,1096,83.15629742033383
JUN,ENSG00000177606,983,81.2396694214876,256,56.01750547045952,989,75.03793626707133
ENSG00000231252,ENSG00000231252,758,62.64462809917355,425,92.99781181619255,1048,79.5144157814871
TM2D1,ENSG00000162604,772,63.80165289256199,249,54.48577680525164,813,61.68437025796661
USP1,ENSG00000162607,748,61.81818181818181,222,48.57768052516411,615,46.66160849772382
DOCK7,ENSG00000116641,997,82.39669421487604,338,73.96061269146608,1044,79.21092564491654
ITGB3BP,ENSG00000142856,710,58.67768595041323,160,35.010940919037196,490,37.177541729893775
PGM1,ENSG00000079739,732,60.49586776859505,139,30.41575492341357,248,18.81638846737481
ROR1,ENSG00000185483,865,71.48760330578511,186,40.70021881838075,606,45.97875569044006
CACHD1,ENSG00000158966,982,81.15702479338843,325,71.11597374179432,830,62.9742033383915
JAK1,ENSG00000162434,789,65.20661157024793,287,62.80087527352297,991,75.18968133535661
PDE4B,ENSG00000184588,1117,92.31404958677686,334,73.08533916849015,1068,81.03186646433991
SGIP1,ENSG00000118473,680,56.19834710743802,230,50.32822757111597,1077,81.71471927162366
MIER1,ENSG00000198160,811,67.02479338842974,223,48.796498905908095,768,58.2701062215478
SERBP1,ENSG00000142864,1197,98.92561983471074,444,97.15536105032822,1290,97.87556904400607
LRRC7,ENSG00000033122,679,56.11570247933885,377,82.4945295404814,1301,98.71016691957512
ANKRD13C,ENSG00000118454,651,53.80165289256198,237,51.85995623632385,815,61.83611532625189
ZRANB2,ENSG00000132485,1076,88.92561983471074,384,84.02625820568927,1107,83.99089529590287
SLC44A5,ENSG00000137968,866,71.5702479338843,216,47.26477024070022,997,75.64491654021245
ACADM,ENSG00000117054,610,50.413223140495866,151,33.04157549234136,555,42.1092564491654
ST6GALNAC3,ENSG00000184005,996,82.31404958677686,353,77.24288840262582,1048,79.5144157814871
ST6GALNAC5,ENSG00000117069,838,69.25619834710743,245,53.610503282275715,292,22.15477996965099
ZZZ3,ENSG00000036549,913,75.45454545454545,282,61.70678336980306,851,64.56752655538695
USP33,ENSG00000077254,891,73.63636363636363,348,76.14879649890591,1082,82.09408194233687
FUBP1,ENSG00000162613,1017,84.04958677685951,372,81.4004376367615,1056,80.12139605462822
IFI44L,ENSG00000137959,799,66.03305785123968,21,4.595185995623632,0,0.0
ADGRL2,ENSG00000117114,938,77.52066115702479,246,53.82932166301969,671,50.910470409711685
PRKACB,ENSG00000142875,853,70.49586776859505,326,71.33479212253829,1136,86.19119878603946
GNG5,ENSG00000174021,1093,90.3305785123967,341,74.61706783369803,794,60.24279210925645
DDAH1,ENSG00000153904,759,62.727272727272734,81,17.72428884026258,330,25.03793626707132
CCN1,ENSG00000142871,625,51.652892561983464,18,3.938730853391685,73,5.538694992412747
SELENOF,ENSG00000183291,888,73.38842975206612,325,71.11597374179432,908,68.89226100151745
HS2ST1,ENSG00000153936,881,72.8099173553719,230,50.32822757111597,738,55.9939301972686
LMO4,ENSG00000143013,817,67.52066115702479,160,35.010940919037196,973,73.82397572078906
PKN2,ENSG00000065243,1049,86.69421487603306,375,82.05689277899344,1004,76.17602427921094
KYAT3,ENSG00000137944,632,52.231404958677686,170,37.199124726477024,587,44.537177541729896
ZNF326,ENSG00000162664,794,65.6198347107438,309,67.6148796498906,1014,76.93474962063733
RPAP2,ENSG00000122484,735,60.74380165289256,237,51.85995623632385,845,64.11229135053111
EVI5,ENSG00000067208,865,71.48760330578511,215,47.04595185995623,685,51.97268588770865
RPL5,ENSG00000122406,1210,100.0,457,100.0,1318,100.0
MTF2,ENSG00000143033,980,80.99173553719008,400,87.527352297593,1190,90.28831562974203
CCDC18-AS1,ENSG00000223745,694,57.35537190082645,138,30.196936542669583,371,28.148710166919578
FNBP1L,ENSG00000137942,1139,94.13223140495867,455,99.56236323851203,1314,99.69650986342944
DNTTIP2,ENSG00000067334,657,54.29752066115703,225,49.23413566739606,739,56.06980273141124
ABCD3,ENSG00000117528,854,70.57851239669421,194,42.4507658643326,669,50.758725341426405
CNN3,ENSG00000117519,1008,83.30578512396694,312,68.27133479212254,903,68.51289833080425
CDC14A,ENSG00000079335,619,51.15702479338843,129,28.227571115973742,234,17.754172989377846
COL11A1,ENSG00000060718,1016,83.96694214876032,224,49.01531728665208,319,24.203338391502278
PRPF38B,ENSG00000134186,775,64.0495867768595,276,60.393873085339166,873,66.23672230652504
SARS1,ENSG00000031698,861,71.15702479338843,376,82.27571115973743,1112,84.37025796661608
PSMA5,ENSG00000143106,820,67.76859504132231,242,52.95404814004377,836,63.42943854324734
GNAI3,ENSG00000065135,875,72.31404958677686,332,72.64770240700219,1026,77.84522003034901
AHCYL1,ENSG00000168710,870,71.900826446281,345,75.49234135667396,928,70.40971168437025
LAMTOR5,ENSG00000134248,1121,92.64462809917356,397,86.87089715536105,1161,88.08801213960547
ATP5PB,ENSG00000116459,995,82.23140495867769,377,82.4945295404814,1087,82.47344461305008
CAPZA1,ENSG00000116489,834,68.92561983471074,296,64.77024070021882,858,65.09863429438543
SLC16A1,ENSG00000155380,788,65.12396694214875,190,41.57549234135667,502,38.08801213960547
MAGI3,ENSG00000081026,720,59.50413223140496,260,56.89277899343544,824,62.51896813353566
RSBN1,ENSG00000081019,629,51.98347107438016,317,69.36542669584244,1025,77.76934749620638
BCAS2,ENSG00000116752,772,63.80165289256199,279,61.050328227571114,888,67.37481031866464
PTGFRN,ENSG00000134247,900,74.3801652892562,134,29.321663019693656,373,28.300455235204858
MAN1A2,ENSG00000198162,996,82.31404958677686,407,89.05908096280088,1196,90.74355083459787
PHGDH,ENSG00000092621,901,74.46280991735537,188,41.13785557986871,304,23.06525037936267
NOTCH2,ENSG00000134250,890,73.55371900826447,131,28.665207877461707,128,9.711684370257966
RNF115,ENSG00000265491,702,58.01652892561984,216,47.26477024070022,690,52.35204855842185
RBM8A,ENSG00000265241,1010,83.47107438016529,386,84.46389496717724,1108,84.06676783004552
TXNIP,ENSG00000265972,988,81.65289256198346,353,77.24288840262582,931,70.63732928679818
BCL9,ENSG00000116128,752,62.14876033057851,230,50.32822757111597,772,58.573596358118365
VPS45,ENSG00000136631,707,58.429752066115704,245,53.610503282275715,808,61.305007587253414
PLEKHO1,ENSG00000023902,856,70.74380165289256,304,66.52078774617067,955,72.45827010622155
ANP32E,ENSG00000143401,948,78.34710743801652,291,63.67614879649891,826,62.67071320182094
MRPS21,ENSG00000266472,1116,92.23140495867769,431,94.31072210065645,1244,94.38543247344461
RPRD2,ENSG00000163125,978,80.82644628099173,356,77.89934354485777,1057,80.19726858877087
MCL1,ENSG00000143384,700,57.85123966942148,234,51.203501094091905,604,45.82701062215478
ENSA,ENSG00000143420,1031,85.20661157024793,369,80.74398249452955,1134,86.03945371775417
MLLT11,ENSG00000213190,988,81.65289256198346,449,98.24945295404814,1315,99.77238239757207
VPS72,ENSG00000163159,630,52.066115702479344,273,59.73741794310722,887,67.29893778452201
PIP5K1A,ENSG00000143398,769,63.553719008264466,252,55.14223194748359,745,56.525037936267076
PSMD4,ENSG00000159352,972,80.33057851239668,384,84.02625820568927,1104,83.76327769347496
PSMB4,ENSG00000159377,950,78.51239669421489,360,78.7746170678337,1078,81.79059180576631
SNX27,ENSG00000143376,617,50.99173553719009,229,50.10940919037199,803,60.925644916540215
CHTOP,ENSG00000160679,656,54.21487603305785,211,46.17067833698031,685,51.97268588770865
GATAD2B,ENSG00000143614,965,79.75206611570248,385,84.24507658643327,1162,88.1638846737481
JTB,ENSG00000143543,736,60.82644628099173,309,67.6148796498906,945,71.69954476479515
RPS27,ENSG00000177954,1210,100.0,457,100.0,1318,100.0
TPM3,ENSG00000143549,820,67.76859504132231,315,68.9277899343545,1089,82.62518968133536
C1orf43,ENSG00000143612,891,73.63636363636363,325,71.11597374179432,923,70.03034901365706
HAX1,ENSG00000143575,620,51.2396694214876,202,44.201312910284464,742,56.297420333839156
ADAR,ENSG00000160710,717,59.256198347107436,215,47.04595185995623,755,57.28376327769348
KCNN3,ENSG00000143603,849,70.16528925619835,277,60.61269146608315,962,72.98937784522003
DPM3,ENSG00000179085,613,50.66115702479339,140,30.63457330415755,344,26.100151745068285
KRTCAP2,ENSG00000163463,921,76.11570247933884,345,75.49234135667396,1045,79.28679817905918
FDPS,ENSG00000160752,903,74.62809917355372,318,69.58424507658644,979,74.27921092564492
DAP3,ENSG00000132676,703,58.099173553719005,241,52.735229759299784,736,55.84218512898331
GON4L,ENSG00000116580,659,54.46280991735537,235,51.42231947483589,756,57.35963581183612
SYT11,ENSG00000132718,1102,91.07438016528926,400,87.527352297593,1176,89.22610015174507
RIT1,ENSG00000143622,662,54.710743801652896,136,29.75929978118162,277,21.01669195751138
SSR2,ENSG00000163479,1089,90.0,441,96.49890590809628,1241,94.15781487101668
LAMTOR2,ENSG00000116586,718,59.33884297520661,256,56.01750547045952,883,66.99544764795145
MEX3A,ENSG00000254726,818,67.60330578512396,388,84.9015317286652,1137,86.2670713201821
PMF1,ENSG00000160783,725,59.917355371900825,197,43.10722100656455,581,44.08194233687405
CCT3,ENSG00000163468,1077,89.00826446280992,419,91.68490153172867,1216,92.26100151745068
MIR9-1HG,ENSG00000125462,1209,99.91735537190083,456,99.78118161925602,1303,98.8619119878604
HDGF,ENSG00000143321,692,57.190082644628106,279,61.050328227571114,686,52.04855842185129
PEA15,ENSG00000162734,939,77.60330578512396,178,38.949671772428886,736,55.84218512898331
DCAF8,ENSG00000132716,667,55.12396694214876,205,44.85776805251641,634,48.10318664643399
COPA,ENSG00000122218,767,63.38842975206611,358,78.33698030634574,899,68.20940819423369
PFDN2,ENSG00000143256,1046,86.44628099173553,435,95.18599562363238,1282,97.26858877086495
UFC1,ENSG00000143222,820,67.76859504132231,263,57.54923413566739,662,50.22761760242792
NDUFS2,ENSG00000158864,903,74.62809917355372,347,75.92997811816193,1094,83.00455235204855
SDHC,ENSG00000143252,781,64.54545454545455,259,56.67396061269147,809,61.38088012139605
ATF6,ENSG00000118217,628,51.90082644628099,231,50.54704595185996,691,52.42792109256449
NOS1AP,ENSG00000198929,748,61.81818181818181,155,33.91684901531728,424,32.16995447647951
MGST3,ENSG00000143198,1084,89.58677685950414,407,89.05908096280088,1280,97.11684370257967
TMCO1,ENSG00000143183,953,78.7603305785124,344,75.27352297592998,1017,77.16236722306526
POU2F1,ENSG00000143190,1133,93.63636363636364,418,91.46608315098467,1117,84.74962063732929
MPZL1,ENSG00000197965,627,51.81818181818182,212,46.389496717724285,768,58.2701062215478
MPC2,ENSG00000143158,761,62.892561983471076,212,46.389496717724285,890,67.52655538694992
TIPRL,ENSG00000143155,762,62.97520661157024,282,61.70678336980306,1055,80.04552352048559
ATP1B1,ENSG00000143153,857,70.82644628099175,324,70.89715536105032,1045,79.28679817905918
NME7,ENSG00000143156,733,60.578512396694215,237,51.85995623632385,886,67.22306525037936
KIFAP3,ENSG00000075945,670,55.371900826446286,320,70.02188183807439,1215,92.18512898330803
PRRC2C,ENSG00000117523,1131,93.47107438016529,438,95.84245076586433,1240,94.08194233687405
SUCO,ENSG00000094975,811,67.02479338842974,319,69.80306345733041,960,72.83763277693474
PRDX6,ENSG00000117592,913,75.45454545454545,184,40.26258205689278,674,51.138088012139605
GAS5,ENSG00000234741,1191,98.42975206611571,439,96.06126914660832,1257,95.37177541729895
RC3H1,ENSG00000135870,856,70.74380165289256,341,74.61706783369803,1026,77.84522003034901
RABGAP1L,ENSG00000152061,948,78.34710743801652,349,76.36761487964989,1122,85.12898330804249
CACYBP,ENSG00000116161,795,65.70247933884298,242,52.95404814004377,875,66.38846737481032
COP1,ENSG00000143207,1077,89.00826446280992,400,87.527352297593,1185,89.90895295902884
RASAL2,ENSG00000075391,1022,84.46280991735537,284,62.144420131291035,924,70.10622154779969
RALGPS2,ENSG00000116191,706,58.34710743801653,185,40.48140043763676,548,41.578148710166914
CEP350,ENSG00000135837,906,74.87603305785125,342,74.83588621444201,994,75.41729893778452
ACBD6,ENSG00000230124,1114,92.06611570247934,414,90.59080962800876,1215,92.18512898330803
XPR1,ENSG00000143324,992,81.98347107438016,377,82.4945295404814,1240,94.08194233687405
IER5,ENSG00000162783,627,51.81818181818182,312,68.27133479212254,817,61.98786039453717
GLUL,ENSG00000135821,813,67.1900826446281,316,69.14660831509846,680,51.593323216995444
SMG7,ENSG00000116698,653,53.96694214876033,222,48.57768052516411,794,60.24279210925645
ARPC5,ENSG00000162704,830,68.59504132231406,394,86.2144420131291,1179,89.45371775417298
RGL1,ENSG00000143344,805,66.52892561983471,274,59.95623632385121,1027,77.92109256449166
C1orf21,ENSG00000116667,698,57.68595041322314,275,60.17505470459519,1120,84.9772382397572
IVNS1ABP,ENSG00000116679,823,68.01652892561984,385,84.24507658643327,919,69.7268588770865
TPR,ENSG00000047410,1006,83.14049586776859,367,80.30634573304157,1040,78.90743550834598
ODR4,ENSG00000157181,726,60.0,209,45.73304157549234,582,44.15781487101669
RO60,ENSG00000116747,939,77.60330578512396,355,77.68052516411379,1080,81.94233687405159
CDC73,ENSG00000134371,813,67.1900826446281,287,62.80087527352297,802,60.849772382397575
KCNT2,ENSG00000162687,1064,87.93388429752066,371,81.1816192560175,1165,88.39150227617603
CRB1,ENSG00000134376,724,59.83471074380166,416,91.02844638949672,1009,76.55538694992413
MIR181A1HG,ENSG00000229989,1119,92.47933884297521,402,87.96498905908096,1204,91.350531107739
CAMSAP2,ENSG00000118200,980,80.99173553719008,376,82.27571115973743,1180,89.52959028831563
TMEM9,ENSG00000116857,677,55.950413223140494,215,47.04595185995623,734,55.69044006069803
NAV1,ENSG00000134369,863,71.32231404958678,415,90.80962800875274,1264,95.90288315629742
IPO9,ENSG00000198700,872,72.06611570247934,307,67.17724288840262,969,73.5204855842185
PPP1R12B,ENSG00000077157,668,55.20661157024793,256,56.01750547045952,865,65.62974203338392
ATP2B4,ENSG00000058668,824,68.09917355371901,327,71.55361050328227,736,55.84218512898331
SNRPE,ENSG00000182004,1182,97.68595041322314,444,97.15536105032822,1275,96.73748103186647
MDM4,ENSG00000198625,756,62.47933884297521,229,50.10940919037199,739,56.06980273141124
KLHDC8A,ENSG00000162873,623,51.48760330578512,277,60.61269146608315,289,21.927162367223065
NUCKS1,ENSG00000069275,1202,99.3388429752066,447,97.81181619256017,1313,99.6206373292868
SRGAP2,ENSG00000266028,689,56.94214876033058,183,40.0437636761488,788,59.78755690440061
CD46,ENSG00000117335,786,64.95867768595042,294,64.33260393873084,874,66.31259484066769
RCOR3,ENSG00000117625,762,62.97520661157024,248,54.26695842450766,735,55.76631259484067
NENF,ENSG00000117691,763,63.057851239669425,130,28.44638949671772,306,23.21699544764795
NSL1,ENSG00000117697,722,59.6694214876033,222,48.57768052516411,682,51.74506828528072
RPS6KC1,ENSG00000136643,759,62.727272727272734,225,49.23413566739606,842,63.88467374810318
RRP15,ENSG00000067533,692,57.190082644628106,213,46.608315098468275,632,47.95144157814871
LYPLAL1,ENSG00000143353,656,54.21487603305785,158,34.57330415754923,519,39.37784522003035
EPRS1,ENSG00000136628,826,68.26446280991736,339,74.17943107221006,974,73.89984825493171
IARS2,ENSG00000067704,618,51.074380165289256,200,43.7636761487965,678,51.441578148710164
RAB3GAP2,ENSG00000118873,900,74.3801652892562,271,59.29978118161926,832,63.12594840667678
MIA3,ENSG00000154305,644,53.223140495867774,222,48.57768052516411,707,53.64188163884673
TP53BP2,ENSG00000143514,647,53.471074380165284,203,44.42013129102845,538,40.819423368740516
DEGS1,ENSG00000143753,640,52.892561983471076,174,38.074398249452955,549,41.65402124430956
CNIH4,ENSG00000143771,633,52.314049586776854,262,57.330415754923415,644,48.861911987860395
DNAH14,ENSG00000185842,813,67.1900826446281,207,45.29540481400438,580,44.00606980273141
ENAH,ENSG00000154380,1155,95.45454545454545,453,99.12472647702407,1308,99.2412746585736
SRP9,ENSG00000143742,1166,96.36363636363636,440,96.2800875273523,1292,98.02731411229135
H3-3A,ENSG00000163041,1210,100.0,457,100.0,1318,100.0
ACBD3,ENSG00000182827,666,55.04132231404959,251,54.92341356673961,801,60.77389984825493
PARP1,ENSG00000143799,997,82.39669421487604,350,76.58643326039387,1053,79.89377845220031
ARF1,ENSG00000143761,964,79.66942148760332,359,78.55579868708972,1098,83.30804248861912
GUK1,ENSG00000143774,940,77.68595041322314,402,87.96498905908096,1198,90.89529590288315
RNF187,ENSG00000168159,611,50.49586776859504,280,61.2691466083151,936,71.01669195751138
RAB4A,ENSG00000168118,698,57.68595041322314,312,68.27133479212254,901,68.36115326251897
TSNAX,ENSG00000116918,606,50.082644628099175,253,55.36105032822757,772,58.573596358118365
NTPCR,ENSG00000135778,608,50.247933884297524,157,34.35448577680525,539,40.895295902883156
PCNX2,ENSG00000135749,613,50.66115702479339,217,47.4835886214442,946,71.77541729893778
COA6,ENSG00000168275,634,52.396694214876035,187,40.91903719912472,499,37.86039453717754
TARBP1,ENSG00000059588,629,51.98347107438016,118,25.82056892778993,605,45.90288315629742
IRF2BP2,ENSG00000168264,856,70.74380165289256,231,50.54704595185996,775,58.801213960546285
TOMM20,ENSG00000173726,1198,99.00826446280992,453,99.12472647702407,1311,99.46889226100151
ARID4B,ENSG00000054267,1152,95.20661157024793,446,97.59299781181619,1275,96.73748103186647
MTR,ENSG00000116984,707,58.429752066115704,187,40.91903719912472,670,50.834597875569045
FMN2,ENSG00000155816,845,69.83471074380165,344,75.27352297592998,1103,83.68740515933231
CEP170,ENSG00000143702,1014,83.80165289256199,446,97.59299781181619,1315,99.77238239757207
SDCCAG8,ENSG00000054282,719,59.42148760330579,303,66.3019693654267,1031,78.22458270106222
AKT3,ENSG00000117020,1172,96.8595041322314,456,99.78118161925602,1316,99.84825493171472
COX20,ENSG00000203667,914,75.53719008264463,337,73.7417943107221,1023,77.6176024279211
SMYD3,ENSG00000185420,1157,95.6198347107438,423,92.5601750547046,1274,96.66160849772383
SCCPDH,ENSG00000143653,753,62.231404958677686,170,37.199124726477024,509,38.61911987860395
AHCTF1,ENSG00000153207,664,54.87603305785124,203,44.42013129102845,702,53.262518968133534
ACP1,ENSG00000143727,897,74.13223140495869,290,63.45733041575492,835,63.3535660091047
RPS7,ENSG00000171863,1210,100.0,457,100.0,1318,100.0
SOX11,ENSG00000176887,1174,97.02479338842976,457,100.0,1318,100.0
ID2,ENSG00000115738,1156,95.53719008264463,364,79.64989059080962,1256,95.2959028831563
KIDINS220,ENSG00000134313,965,79.75206611570248,431,94.31072210065645,1296,98.33080424886191
MBOAT2,ENSG00000143797,785,64.87603305785123,265,57.98687089715536,998,75.72078907435508
ITGB1BP1,ENSG00000119185,689,56.94214876033058,216,47.26477024070022,887,67.29893778452201
IAH1,ENSG00000134330,653,53.96694214876033,194,42.4507658643326,741,56.221547799696516
ADAM17,ENSG00000151694,670,55.371900826446286,181,39.606126914660834,586,44.46130500758726
YWHAQ,ENSG00000134308,1192,98.51239669421487,455,99.56236323851203,1316,99.84825493171472
ODC1,ENSG00000115758,1038,85.78512396694215,420,91.90371991247265,1250,94.84066767830045
NOL10,ENSG00000115761,670,55.371900826446286,218,47.70240700218819,672,50.986342943854325
PDIA6,ENSG00000143870,1063,87.85123966942149,379,82.93216630196937,1086,82.39757207890743
ROCK2,ENSG00000134318,1080,89.25619834710744,352,77.02407002188184,1098,83.30804248861912
TRIB2,ENSG00000071575,669,55.289256198347104,160,35.010940919037196,563,42.716236722306526
NBAS,ENSG00000151779,993,82.06611570247934,355,77.68052516411379,1035,78.52807283763278
DDX1,ENSG00000079785,840,69.42148760330579,312,68.27133479212254,1069,81.10773899848255
CYRIA,ENSG00000197872,620,51.2396694214876,135,29.540481400437635,974,73.89984825493171
SMC6,ENSG00000163029,618,51.074380165289256,155,33.91684901531728,585,44.38543247344462
LAPTM4A,ENSG00000068697,1041,86.03305785123968,392,85.77680525164114,1060,80.42488619119878
PUM2,ENSG00000055917,1178,97.35537190082646,446,97.59299781181619,1280,97.11684370257967
ATAD2B,ENSG00000119778,848,70.08264462809917,351,76.80525164113786,967,73.36874051593323
UBXN2A,ENSG00000173960,768,63.47107438016529,255,55.798687089715536,751,56.980273141122915
SF3B6,ENSG00000115128,1122,92.72727272727272,415,90.80962800875274,1252,94.99241274658573
PTRHD1,ENSG00000184924,617,50.99173553719009,194,42.4507658643326,486,36.874051593323216
EFR3B,ENSG00000084710,640,52.892561983471076,130,28.44638949671772,799,60.62215477996965
DTNB,ENSG00000138101,811,67.02479338842974,292,63.89496717724289,1067,80.95599393019727
RAB10,ENSG00000084733,1029,85.04132231404958,398,87.08971553610503,1159,87.93626707132019
HADHA,ENSG00000084754,935,77.27272727272727,267,58.42450765864332,795,60.31866464339909
HADHB,ENSG00000138029,834,68.92561983471074,222,48.57768052516411,587,44.537177541729896
OST4,ENSG00000228474,1116,92.23140495867769,413,90.37199124726477,1189,90.2124430955994
ATRAID,ENSG00000138085,854,70.57851239669421,227,49.671772428884026,626,47.496206373292864
PPM1G,ENSG00000115241,906,74.87603305785125,345,75.49234135667396,1047,79.43854324734446
MRPL33,ENSG00000243147,882,72.89256198347107,318,69.58424507658644,890,67.52655538694992
BABAM2,ENSG00000158019,815,67.35537190082644,216,47.26477024070022,749,56.828528072837635
PPP1CB,ENSG00000213639,912,75.37190082644628,329,71.99124726477024,1019,77.31411229135054
WDR43,ENSG00000163811,765,63.22314049586777,232,50.76586433260394,681,51.66919575113808
DPY30,ENSG00000162961,823,68.01652892561984,298,65.20787746170679,959,72.7617602427921
YIPF4,ENSG00000119820,657,54.29752066115703,250,54.70459518599562,870,66.00910470409713
LTBP1,ENSG00000049323,875,72.31404958677686,80,17.505470459518598,61,4.628224582701062
CRIM1,ENSG00000150938,692,57.190082644628106,310,67.83369803063457,812,61.60849772382397
FEZ2,ENSG00000171055,772,63.80165289256199,232,50.76586433260394,800,60.69802731411229
EIF2AK2,ENSG00000055332,822,67.93388429752066,200,43.7636761487965,575,43.62670713201821
CEBPZ,ENSG00000115816,804,66.44628099173553,233,50.984682713347915,816,61.91198786039453
PRKD3,ENSG00000115825,651,53.80165289256198,188,41.13785557986871,380,28.83156297420334
HNRNPLL,ENSG00000143889,621,51.32231404958678,259,56.67396061269147,707,53.64188163884673
SRSF7,ENSG00000115875,1143,94.46280991735537,435,95.18599562363238,1238,93.93019726858877
DHX57,ENSG00000163214,677,55.950413223140494,232,50.76586433260394,743,56.373292867981796
SOS1,ENSG00000115904,1096,90.57851239669421,403,88.18380743982495,1203,91.27465857359635
MAP4K3,ENSG00000011566,940,77.68595041322314,381,83.36980306345733,1079,81.86646433990894
THUMPD2,ENSG00000138050,672,55.53719008264463,205,44.85776805251641,590,44.764795144157816
SLC8A1,ENSG00000183023,704,58.18181818181818,231,50.54704595185996,1080,81.94233687405159
EML4,ENSG00000143924,635,52.47933884297521,161,35.22975929978118,636,48.25493171471928
COX7A2L,ENSG00000115944,1093,90.3305785123967,418,91.46608315098467,1215,92.18512898330803
MTA3,ENSG00000057935,641,52.97520661157024,136,29.75929978118162,499,37.86039453717754
ZFP36L2,ENSG00000152518,672,55.53719008264463,42,9.190371991247265,7,0.5311077389984825
THADA,ENSG00000115970,628,51.90082644628099,201,43.98249452954048,769,58.34597875569044
LRPPRC,ENSG00000138095,919,75.9504132231405,269,58.86214442013129,902,68.43702579666162
PPM1B,ENSG00000138032,644,53.223140495867774,218,47.70240700218819,629,47.72382397572079
PREPL,ENSG00000138078,650,53.71900826446281,133,29.10284463894967,719,54.55235204855842
CAMKMT,ENSG00000143919,674,55.70247933884298,154,33.69803063457331,453,34.37025796661609
SRBD1,ENSG00000068784,613,50.66115702479339,151,33.04157549234136,492,37.329286798179055
PIGF,ENSG00000151665,615,50.82644628099173,200,43.7636761487965,634,48.10318664643399
CRIPT,ENSG00000119878,675,55.78512396694215,242,52.95404814004377,657,49.84825493171472
CALM2,ENSG00000143933,1201,99.25619834710744,455,99.56236323851203,1317,99.92412746585735
MSH2,ENSG00000095002,687,56.776859504132226,151,33.04157549234136,625,47.420333839150224
MSH6,ENSG00000116062,786,64.95867768595042,224,49.01531728665208,784,59.48406676783004
FOXN2,ENSG00000170802,780,64.46280991735537,349,76.36761487964989,934,70.8649468892261
ASB3,ENSG00000115239,979,80.9090909090909,333,72.86652078774617,1058,80.2731411229135
ERLEC1,ENSG00000068912,644,53.223140495867774,206,45.076586433260395,683,51.82094081942337
PSME4,ENSG00000068878,743,61.40495867768595,263,57.54923413566739,794,60.24279210925645
ACYP2,ENSG00000170634,810,66.94214876033058,296,64.77024070021882,938,71.16843702579666
RTN4,ENSG00000115310,1204,99.50413223140497,456,99.78118161925602,1318,100.0
RPS27A,ENSG00000143947,1210,100.0,457,100.0,1318,100.0
CCDC88A,ENSG00000115355,1035,85.53719008264463,420,91.90371991247265,1253,95.06828528072838
CFAP36,ENSG00000163001,657,54.29752066115703,155,33.91684901531728,683,51.82094081942337
PPP4R3B,ENSG00000275052,913,75.45454545454545,330,72.21006564551422,1039,78.83156297420334
USP34,ENSG00000115464,1149,94.9586776859504,429,93.8730853391685,1236,93.77845220030349
COMMD1,ENSG00000173163,797,65.86776859504133,310,67.83369803063457,909,68.96813353566009
EHBP1,ENSG00000115504,1092,90.24793388429751,389,85.12035010940919,1184,89.83308042488619
WDPCP,ENSG00000143951,850,70.24793388429752,238,52.078774617067836,884,67.07132018209408
MDH1,ENSG00000014641,929,76.77685950413223,323,70.67833698030634,1110,84.2185128983308
RAB1A,ENSG00000138069,1012,83.63636363636363,393,85.99562363238512,1176,89.22610015174507
ACTR2,ENSG00000138071,936,77.35537190082644,368,80.52516411378556,1146,86.94992412746586
C1D,ENSG00000197223,662,54.710743801652896,207,45.29540481400438,726,55.08345978755691
PPP3R1,ENSG00000221823,736,60.82644628099173,244,53.39168490153173,885,67.14719271623673
ANTXR1,ENSG00000169604,974,80.49586776859505,368,80.52516411378556,1091,82.77693474962064
GFPT1,ENSG00000198380,623,51.48760330578512,220,48.14004376367615,766,58.11836115326252
AAK1,ENSG00000115977,714,59.008264462809926,349,76.36761487964989,1125,85.35660091047042
SNRNP27,ENSG00000124380,618,51.074380165289256,270,59.08096280087527,838,63.58118361153262
PCBP1-AS1,ENSG00000179818,616,50.90909090909091,232,50.76586433260394,854,64.79514415781486
PCBP1,ENSG00000169564,1052,86.94214876033057,416,91.02844638949672,1128,85.58421851289833
TIA1,ENSG00000116001,681,56.28099173553719,289,63.23851203501094,800,60.69802731411229
SNRPG,ENSG00000143977,1118,92.39669421487604,401,87.74617067833698,1157,87.78452200303491
ADD2,ENSG00000075340,738,60.99173553719008,333,72.86652078774617,1104,83.76327769347496
MPHOSPH10,ENSG00000124383,656,54.21487603305785,293,64.11378555798687,825,62.5948406676783
ZNF638,ENSG00000075292,1165,96.28099173553719,441,96.49890590809628,1279,97.04097116843703
EMX1,ENSG00000135638,916,75.70247933884298,395,86.43326039387308,1003,76.10015174506829
SFXN5,ENSG00000144040,660,54.54545454545454,204,44.63894967177243,444,33.68740515933232
CCT7,ENSG00000135624,1013,83.71900826446281,386,84.46389496717724,1139,86.41881638846738
ALMS1,ENSG00000116127,721,59.586776859504134,257,56.236323851203494,892,67.6783004552352
TPRKB,ENSG00000144034,737,60.909090909090914,247,54.04814004376368,814,61.76024279210925
DGUOK,ENSG00000114956,967,79.91735537190083,355,77.68052516411379,1091,82.77693474962064
MOB1A,ENSG00000114978,638,52.72727272727272,202,44.201312910284464,468,35.50834597875569
WDR54,ENSG00000005448,843,69.66942148760332,213,46.608315098468275,778,59.028831562974204
MRPL19,ENSG00000115364,893,73.80165289256199,293,64.11378555798687,887,67.29893778452201
GCFC2,ENSG00000005436,682,56.36363636363636,187,40.91903719912472,582,44.15781487101669
LRRTM4,ENSG00000176204,663,54.79338842975206,222,48.57768052516411,891,67.60242792109257
SUCLG1,ENSG00000163541,750,61.98347107438017,257,56.236323851203494,974,73.89984825493171
TMSB10,ENSG00000034510,1208,99.83471074380165,457,100.0,1318,100.0
KCMF1,ENSG00000176407,801,66.19834710743801,279,61.050328227571114,877,66.5402124430956
TCF7L1,ENSG00000152284,1061,87.68595041322314,126,27.571115973741794,132,10.015174506828528
MAT2A,ENSG00000168906,709,58.595041322314046,243,53.17286652078774,666,50.53110773899848
PTCD3,ENSG00000132300,683,56.44628099173554,210,45.951859956236326,673,51.062215477996965
IMMT,ENSG00000132305,692,57.190082644628106,243,53.17286652078774,775,58.801213960546285
CHMP3,ENSG00000115561,685,56.611570247933884,203,44.42013129102845,755,57.28376327769348
MRPS5,ENSG00000144029,776,64.13223140495867,277,60.61269146608315,893,67.75417298937785
CIAO1,ENSG00000144021,694,57.35537190082645,248,54.26695842450766,777,58.952959028831565
SNRNP200,ENSG00000144028,880,72.72727272727273,264,57.76805251641138,902,68.43702579666162
COX5B,ENSG00000135940,1166,96.36363636363636,434,94.9671772428884,1281,97.1927162367223
TMEM131,ENSG00000075568,1165,96.28099173553719,358,78.33698030634574,1005,76.25189681335357
EIF5B,ENSG00000158417,936,77.35537190082644,394,86.2144420131291,1160,88.01213960546282
AFF3,ENSG00000144218,918,75.86776859504131,412,90.15317286652079,1314,99.69650986342944
RPL31,ENSG00000071082,1210,100.0,457,100.0,1318,100.0
LINC01965,ENSG00000256637,953,78.7603305785124,60,13.129102844638949,22,1.669195751138088
PANTR1,ENSG00000233639,1174,97.02479338842976,389,85.12035010940919,689,52.27617602427921
MRPS9,ENSG00000135972,612,50.57851239669422,199,43.544857768052516,569,43.17147192716237
GCC2,ENSG00000135968,649,53.63636363636364,204,44.63894967177243,623,47.268588770864945
LIMS1,ENSG00000169756,725,59.917355371900825,191,41.79431072210066,680,51.593323216995444
RANBP2,ENSG00000153201,751,62.066115702479344,289,63.23851203501094,881,66.84370257966617
CCDC138,ENSG00000163006,725,59.917355371900825,208,45.51422319474836,744,56.449165402124436
SEPTIN10,ENSG00000186522,648,53.553719008264466,120,26.258205689277897,471,35.73596358118361
SLC35F5,ENSG00000115084,647,53.471074380165284,169,36.98030634573304,564,42.792109256449166
ACTR3,ENSG00000115091,958,79.17355371900825,379,82.93216630196937,1171,88.84673748103187
DDX18,ENSG00000088205,978,80.82644628099173,347,75.92997811816193,1015,77.01062215477997
DBI,ENSG00000155368,1104,91.2396694214876,323,70.67833698030634,925,70.18209408194234
EPB41L5,ENSG00000115109,817,67.52066115702479,344,75.27352297592998,965,73.21699544764795
GLI2,ENSG00000074047,701,57.93388429752066,167,36.542669584245075,331,25.11380880121396
NIFK,ENSG00000155438,802,66.28099173553719,246,53.82932166301969,773,58.649468892261005
TSN,ENSG00000211460,629,51.98347107438016,194,42.4507658643326,663,50.30349013657056
MAP3K2,ENSG00000169967,741,61.239669421487605,271,59.29978118161926,883,66.99544764795145
IWS1,ENSG00000163166,718,59.33884297520661,269,58.86214442013129,857,65.0227617602428
WDR33,ENSG00000136709,945,78.099173553719,351,76.80525164113786,1051,79.74203338391503
MZT2B,ENSG00000152082,1176,97.19008264462809,431,94.31072210065645,1219,92.4886191198786
FAM168B,ENSG00000152102,733,60.578512396694215,245,53.610503282275715,779,59.104704097116844
PLEKHB2,ENSG00000115762,773,63.88429752066116,267,58.42450765864332,917,69.57511380880122
MZT2A,ENSG00000173272,831,68.67768595041322,230,50.32822757111597,771,58.497723823975726
TMEM163,ENSG00000152128,1005,83.05785123966942,398,87.08971553610503,966,73.2928679817906
CCNT2,ENSG00000082258,650,53.71900826446281,267,58.42450765864332,819,62.13960546282246
RAB3GAP1,ENSG00000115839,814,67.27272727272727,248,54.26695842450766,794,60.24279210925645
ZRANB3,ENSG00000121988,706,58.34710743801653,149,32.60393873085339,577,43.77845220030349
R3HDM1,ENSG00000048991,985,81.40495867768594,372,81.4004376367615,1107,83.99089529590287
UBXN4,ENSG00000144224,1122,92.72727272727272,431,94.31072210065645,1115,84.597875569044
DARS1,ENSG00000115866,1027,84.87603305785125,313,68.49015317286651,824,62.51896813353566
GTDC1,ENSG00000121964,609,50.3305785123967,247,54.04814004376368,1100,83.4597875569044
ACVR2A,ENSG00000121989,916,75.70247933884298,378,82.71334792122538,1088,82.54931714719271
ORC4,ENSG00000115947,944,78.01652892561984,394,86.2144420131291,1130,85.73596358118361
MMADHC,ENSG00000168288,661,54.62809917355372,321,70.24070021881839,888,67.37481031866464
RND3,ENSG00000115963,733,60.578512396694215,396,86.65207877461707,840,63.7329286798179
RIF1,ENSG00000080345,883,72.97520661157024,318,69.58424507658644,880,66.76783004552352
ARL5A,ENSG00000162980,946,78.18181818181819,287,62.80087527352297,889,67.45068285280729
FMNL2,ENSG00000157827,1030,85.12396694214877,438,95.84245076586433,1261,95.67526555386951
PRPF40A,ENSG00000196504,1117,92.31404958677686,427,93.43544857768052,1234,93.62670713201821
ARL6IP6,ENSG00000177917,801,66.19834710743801,264,57.76805251641138,658,49.92412746585736
PKP4,ENSG00000144283,709,58.595041322314046,139,30.41575492341357,739,56.06980273141124
MARCHF7,ENSG00000136536,963,79.58677685950413,367,80.30634573304157,1107,83.99089529590287
PSMD14,ENSG00000115233,957,79.0909090909091,402,87.96498905908096,1135,86.11532625189682
CSRNP3,ENSG00000178662,786,64.95867768595042,373,81.61925601750546,1218,92.41274658573596
CERS6,ENSG00000172292,1144,94.54545454545455,449,98.24945295404814,1307,99.16540212443095
PPIG,ENSG00000138398,1123,92.8099173553719,397,86.87089715536105,1133,85.96358118361154
KLHL23,ENSG00000213160,987,81.5702479338843,395,86.43326039387308,1221,92.64036418816389
SSB,ENSG00000138385,1162,96.03305785123966,407,89.05908096280088,1208,91.65402124430956
METTL5,ENSG00000138382,787,65.0413223140496,231,50.54704595185996,855,64.87101669195751
TLK1,ENSG00000198586,904,74.7107438016529,295,64.55142231947484,760,57.66312594840668
DYNC1I2,ENSG00000077380,1081,89.33884297520662,444,97.15536105032822,1302,98.78603945371776
MAP3K20,ENSG00000091436,628,51.90082644628099,176,38.51203501094092,344,26.100151745068285
SP3,ENSG00000172845,858,70.9090909090909,309,67.6148796498906,928,70.40971168437025
OLA1,ENSG00000138430,1122,92.72727272727272,435,95.18599562363238,1242,94.23368740515933
CIR1,ENSG00000138433,853,70.49586776859505,314,68.7089715536105,953,72.30652503793627
ATF2,ENSG00000115966,727,60.08264462809917,286,62.58205689277899,903,68.51289833080425
ATP5MC3,ENSG00000154518,1166,96.36363636363636,445,97.3741794310722,1262,95.75113808801214
MTX2,ENSG00000128654,843,69.66942148760332,300,65.64551422319475,1018,77.2382397572079
HNRNPA3,ENSG00000170144,1164,96.19834710743802,448,98.03063457330416,1284,97.42033383915023
NFE2L2,ENSG00000116044,991,81.90082644628099,301,65.86433260393873,769,58.34597875569044
PRKRA,ENSG00000180228,667,55.12396694214876,194,42.4507658643326,582,44.15781487101669
SESTD1,ENSG00000187231,868,71.73553719008264,339,74.17943107221006,1034,78.45220030349014
UBE2E3,ENSG00000170035,1104,91.2396694214876,434,94.9671772428884,1178,89.37784522003035
ENSG00000286797,ENSG00000286797,636,52.56198347107438,242,52.95404814004377,658,49.92412746585736
LINC01473,ENSG00000237877,946,78.18181818181819,229,50.10940919037199,737,55.91805766312595
ZC3H15,ENSG00000065548,1068,88.26446280991735,403,88.18380743982495,1190,90.28831562974203
ITGAV,ENSG00000138448,756,62.47933884297521,152,33.260393873085334,646,49.013657056145675
FAM171B,ENSG00000144369,1053,87.02479338842976,318,69.58424507658644,1024,77.69347496206373
GULP1,ENSG00000144366,1065,88.01652892561982,222,48.57768052516411,377,28.603945371775417
ORMDL1,ENSG00000128699,829,68.51239669421487,268,58.64332603938731,866,65.70561456752657
PMS1,ENSG00000064933,620,51.2396694214876,197,43.10722100656455,572,43.39908952959029
HIBCH,ENSG00000198130,943,77.93388429752066,250,54.70459518599562,632,47.95144157814871
SLC39A10,ENSG00000196950,799,66.03305785123968,269,58.86214442013129,874,66.31259484066769
PGAP1,ENSG00000197121,1084,89.58677685950414,450,98.46827133479212,1306,99.08952959028832
ANKRD44,ENSG00000065413,846,69.91735537190083,320,70.02188183807439,1177,89.3019726858877
HSPD1,ENSG00000144381,1157,95.6198347107438,429,93.8730853391685,1198,90.89529590288315
HSPE1,ENSG00000115541,1149,94.9586776859504,423,92.5601750547046,1203,91.27465857359635
MOB4,ENSG00000115540,848,70.08264462809917,353,77.24288840262582,1036,78.60394537177542
BZW1,ENSG00000082153,1029,85.04132231404958,399,87.30853391684902,1158,87.86039453717754
CLK1,ENSG00000013441,617,50.99173553719009,283,61.925601750547045,927,70.33383915022762
ORC2,ENSG00000115942,623,51.48760330578512,168,36.76148796498906,642,48.710166919575116
NDUFB3,ENSG00000119013,958,79.17355371900825,337,73.7417943107221,1016,77.08649468892261
SUMO1,ENSG00000116030,1099,90.82644628099173,411,89.93435448577681,1227,93.09559939301973
NOP58,ENSG00000055044,866,71.5702479338843,252,55.14223194748359,833,63.20182094081942
BMPR2,ENSG00000204217,1095,90.49586776859503,440,96.2800875273523,1285,97.49620637329286
FAM117B,ENSG00000138439,800,66.11570247933885,371,81.1816192560175,1116,84.67374810318664
NBEAL1,ENSG00000144426,621,51.32231404958678,220,48.14004376367615,896,67.98179059180576
ABI2,ENSG00000138443,1134,93.71900826446281,400,87.527352297593,1227,93.09559939301973
RAPH1,ENSG00000173166,812,67.10743801652893,256,56.01750547045952,865,65.62974203338392
INO80D,ENSG00000114933,637,52.64462809917355,250,54.70459518599562,817,61.98786039453717
NDUFS1,ENSG00000023228,814,67.27272727272727,312,68.27133479212254,946,71.77541729893778
EEF1B2,ENSG00000114942,1204,99.50413223140497,449,98.24945295404814,1281,97.1927162367223
ADAM23,ENSG00000114948,756,62.47933884297521,226,49.45295404814004,802,60.849772382397575
CREB1,ENSG00000118260,954,78.84297520661157,370,80.96280087527352,1088,82.54931714719271
IDH1,ENSG00000138413,765,63.22314049586777,266,58.20568927789934,953,72.30652503793627
MAP2,ENSG00000078018,1191,98.42975206611571,457,100.0,1317,99.92412746585735
KANSL1L,ENSG00000144445,628,51.90082644628099,243,53.17286652078774,826,62.67071320182094
SPAG16,ENSG00000144451,818,67.60330578512396,190,41.57549234135667,689,52.27617602427921
XRCC5,ENSG00000079246,1185,97.93388429752066,450,98.46827133479212,1299,98.55842185128984
RPL37A,ENSG00000197756,1210,100.0,457,100.0,1318,100.0
IGFBP2,ENSG00000115457,1209,99.91735537190083,456,99.78118161925602,1309,99.31714719271623
IGFBP5,ENSG00000115461,712,58.84297520661157,167,36.542669584245075,475,36.03945371775417
ARPC2,ENSG00000163466,1108,91.5702479338843,422,92.34135667396062,1264,95.90288315629742
PNKD,ENSG00000127838,616,50.90909090909091,161,35.22975929978118,540,40.971168437025796
EPHA4,ENSG00000116106,917,75.78512396694215,367,80.30634573304157,1239,94.0060698027314
ACSL3,ENSG00000123983,638,52.72727272727272,260,56.89277899343544,944,71.6236722306525
MFF,ENSG00000168958,909,75.12396694214875,338,73.96061269146608,1024,77.69347496206373
AGFG1,ENSG00000173744,722,59.6694214876033,303,66.3019693654267,913,69.27162367223065
CAB39,ENSG00000135932,632,52.231404958677686,255,55.798687089715536,832,63.12594840667678
ITM2C,ENSG00000135916,745,61.57024793388429,91,19.912472647702405,307,23.29286798179059
PSMD1,ENSG00000173692,894,73.88429752066116,352,77.02407002188184,1071,81.25948406676783
PTMA,ENSG00000187514,1210,100.0,457,100.0,1318,100.0
DIS3L2,ENSG00000144535,705,58.26446280991735,212,46.389496717724285,765,58.04248861911988
COPS8,ENSG00000198612,802,66.28099173553719,228,49.89059080962801,786,59.63581183611532
LRRFIP1,ENSG00000124831,891,73.63636363636363,338,73.96061269146608,993,75.34142640364189
NDUFA10,ENSG00000130414,904,74.7107438016529,307,67.17724288840262,972,73.74810318664643
COPS9,ENSG00000172428,1069,88.34710743801652,408,89.27789934354486,1187,90.06069802731412
GPC1,ENSG00000063660,817,67.52066115702479,153,33.479212253829324,460,34.901365705614566
SEPTIN2,ENSG00000168385,1115,92.14876033057851,381,83.36980306345733,1095,83.0804248861912
CRBN,ENSG00000113851,729,60.247933884297524,249,54.48577680525164,794,60.24279210925645
SUMF1,ENSG00000144455,876,72.39669421487604,309,67.6148796498906,878,66.61608497723824
LRRN1,ENSG00000175928,674,55.70247933884298,336,73.52297592997812,797,60.47040971168437
THUMPD3-AS1,ENSG00000206573,741,61.239669421487605,270,59.08096280087527,833,63.20182094081942
EMC3,ENSG00000125037,708,58.51239669421487,216,47.26477024070022,745,56.525037936267076
BRK1,ENSG00000254999,1109,91.65289256198346,423,92.5601750547046,1238,93.93019726858877
SEC13,ENSG00000157020,698,57.68595041322314,252,55.14223194748359,713,54.09711684370257
ATG7,ENSG00000197548,685,56.611570247933884,225,49.23413566739606,728,55.23520485584219
VGLL4,ENSG00000144560,994,82.14876033057851,339,74.17943107221006,948,71.92716236722306
RAF1,ENSG00000132155,881,72.8099173553719,322,70.45951859956236,971,73.67223065250379
RPL32,ENSG00000144713,1210,100.0,457,100.0,1318,100.0
IQSEC1,ENSG00000144711,674,55.70247933884298,113,24.72647702407002,434,32.92867981790592
LSM3,ENSG00000170860,947,78.26446280991736,344,75.27352297592998,1012,76.78300455235205
FGD5-AS1,ENSG00000225733,625,51.652892561983464,192,42.01312910284464,647,49.089529590288315
CAPN7,ENSG00000131375,652,53.884297520661164,216,47.26477024070022,788,59.78755690440061
BTD,ENSG00000169814,681,56.28099173553719,235,51.42231947483589,932,70.71320182094082
ANKRD28,ENSG00000206560,1096,90.57851239669421,398,87.08971553610503,1236,93.77845220030349
PLCL2,ENSG00000154822,763,63.057851239669425,334,73.08533916849015,1000,75.87253414264038
RAB5A,ENSG00000144566,708,58.51239669421487,240,52.516411378555794,793,60.16691957511381
UBE2E1,ENSG00000170142,938,77.52066115702479,315,68.9277899343545,877,66.5402124430956
RPL15,ENSG00000174748,1210,100.0,457,100.0,1318,100.0
NR1D2,ENSG00000174738,753,62.231404958677686,183,40.0437636761488,366,27.769347496206375
LRRC3B,ENSG00000179796,1078,89.0909090909091,201,43.98249452954048,485,36.798179059180576
SLC4A7,ENSG00000033867,982,81.15702479338843,434,94.9671772428884,1224,92.8679817905918
CMC1,ENSG00000187118,618,51.074380165289256,317,69.36542669584244,642,48.710166919575116
AZI2,ENSG00000163512,621,51.32231404958678,250,54.70459518599562,669,50.758725341426405
STT3B,ENSG00000163527,865,71.48760330578511,314,68.7089715536105,1076,81.63884673748103
DYNC1LI1,ENSG00000144635,786,64.95867768595042,358,78.33698030634574,1090,82.70106221547799
CNOT10,ENSG00000182973,606,50.082644628099175,163,35.667396061269145,512,38.846737481031866
CLASP2,ENSG00000163539,1162,96.03305785123966,444,97.15536105032822,1312,99.54476479514416
PDCD6IP,ENSG00000170248,782,64.62809917355372,261,57.11159737417943,754,57.207890743550834
LRRFIP2,ENSG00000093167,745,61.57024793388429,257,56.236323851203494,780,59.180576631259484
GOLGA4,ENSG00000144674,1076,88.92561983471074,407,89.05908096280088,1153,87.48103186646435
CTDSPL,ENSG00000144677,653,53.96694214876033,155,33.91684901531728,751,56.980273141122915
EXOG,ENSG00000157036,661,54.62809917355372,185,40.48140043763676,583,44.23368740515933
WDR48,ENSG00000114742,704,58.18181818181818,236,51.64113785557986,760,57.66312594840668
RPSA,ENSG00000168028,1210,100.0,457,100.0,1318,100.0
EIF1B,ENSG00000114784,1117,92.31404958677686,438,95.84245076586433,1250,94.84066767830045
RPL14,ENSG00000188846,1209,99.91735537190083,457,100.0,1318,100.0
TRAK1,ENSG00000182606,700,57.85123966942148,371,81.1816192560175,901,68.36115326251897
NKTR,ENSG00000114857,1101,90.99173553719008,412,90.15317286652079,1158,87.86039453717754
ZNF197,ENSG00000186448,614,50.743801652892564,233,50.984682713347915,759,57.58725341426404
KIAA1143,ENSG00000163807,636,52.56198347107438,193,42.23194748358862,560,42.4886191198786
EXOSC7,ENSG00000075914,678,56.03305785123966,198,43.32603938730853,597,45.295902883156295
CCDC12,ENSG00000160799,833,68.84297520661157,281,61.48796498905909,795,60.31866464339909
SMARCC1,ENSG00000173473,1170,96.69421487603306,447,97.81181619256017,1276,96.81335356600911
MAP4,ENSG00000047849,1058,87.43801652892562,361,78.99343544857767,1115,84.597875569044
TMA7,ENSG00000232112,1178,97.35537190082646,436,95.40481400437638,1242,94.23368740515933
UQCRC1,ENSG00000010256,730,60.33057851239669,270,59.08096280087527,783,59.408194233687404
IP6K2,ENSG00000068745,975,80.57851239669421,406,88.8402625820569,1200,91.04704097116844
ARIH2,ENSG00000177479,663,54.79338842975206,233,50.984682713347915,750,56.904400606980275
NDUFAF3,ENSG00000178057,621,51.32231404958678,207,45.29540481400438,748,56.752655538694995
IMPDH2,ENSG00000178035,918,75.86776859504131,209,45.73304157549234,710,53.86949924127465
RHOA,ENSG00000067560,1049,86.69421487603306,349,76.36761487964989,974,73.89984825493171
IP6K1,ENSG00000176095,718,59.33884297520661,245,53.610503282275715,835,63.3535660091047
RBM6,ENSG00000004534,1101,90.99173553719008,438,95.84245076586433,1250,94.84066767830045
RBM5,ENSG00000003756,742,61.32231404958678,278,60.83150984682714,833,63.20182094081942
GNAI2,ENSG00000114353,1177,97.27272727272728,416,91.02844638949672,1108,84.06676783004552
DOCK3,ENSG00000088538,1073,88.67768595041322,362,79.21225382932167,1226,93.01972685887708
RPL29,ENSG00000162244,1210,100.0,457,100.0,1318,100.0
WDR82,ENSG00000164091,688,56.85950413223141,255,55.798687089715536,854,64.79514415781486
NT5DC2,ENSG00000168268,677,55.950413223140494,223,48.796498905908095,589,44.688922610015176
PBRM1,ENSG00000163939,1073,88.67768595041322,436,95.40481400437638,1280,97.11684370257967
GNL3,ENSG00000163938,829,68.51239669421487,287,62.80087527352297,811,61.53262518968133
SPCS1,ENSG00000114902,1076,88.92561983471074,400,87.527352297593,1159,87.93626707132019
TKT,ENSG00000163931,1057,87.35537190082646,351,76.80525164113786,1107,83.99089529590287
DCP1A,ENSG00000272886,694,57.35537190082645,238,52.078774617067836,796,60.39453717754173
SELENOK,ENSG00000113811,984,81.32231404958678,358,78.33698030634574,974,73.89984825493171
ERC2,ENSG00000187672,638,52.72727272727272,369,80.74398249452955,1239,94.0060698027314
CCDC66,ENSG00000180376,698,57.68595041322314,244,53.39168490153173,841,63.80880121396054
APPL1,ENSG00000157500,812,67.10743801652893,252,55.14223194748359,916,69.49924127465857
ARF4,ENSG00000168374,996,82.31404958677686,380,83.15098468271334,1157,87.78452200303491
SLMAP,ENSG00000163681,738,60.99173553719008,257,56.236323851203494,765,58.04248861911988
PTPRG,ENSG00000144724,1193,98.59504132231405,433,94.74835886214443,1191,90.36418816388468
PTPRG-AS1,ENSG00000241472,628,51.90082644628099,201,43.98249452954048,640,48.558421851289836
THOC7,ENSG00000163634,613,50.66115702479339,213,46.608315098468275,740,56.145675265553876
ADAMTS9,ENSG00000163638,644,53.223140495867774,130,28.44638949671772,37,2.8072837632776935
ADAMTS9-AS2,ENSG00000241684,670,55.371900826446286,146,31.947483588621445,186,14.112291350531109
MAGI1,ENSG00000151276,1168,96.52892561983471,446,97.59299781181619,974,73.89984825493171
SLC25A26,ENSG00000144741,682,56.36363636363636,185,40.48140043763676,524,39.75720789074355
LRIG1,ENSG00000144749,981,81.07438016528926,178,38.949671772428886,297,22.534142640364188
ARL6IP5,ENSG00000144746,1004,82.97520661157026,326,71.33479212253829,1147,87.0257966616085
RYBP,ENSG00000163602,876,72.39669421487604,369,80.74398249452955,1155,87.63277693474963
PPP4R2,ENSG00000163605,879,72.64462809917356,321,70.24070021881839,921,69.87860394537178
ROBO1,ENSG00000169855,1049,86.69421487603306,435,95.18599562363238,1226,93.01972685887708
CGGBP1,ENSG00000163320,1000,82.64462809917356,347,75.92997811816193,1037,78.67981790591806
ZNF654,ENSG00000175105,663,54.79338842975206,217,47.4835886214442,724,54.93171471927162
EPHA3,ENSG00000044524,814,67.27272727272727,351,76.80525164113786,603,45.75113808801214
EPHA6,ENSG00000080224,1055,87.19008264462809,324,70.89715536105032,681,51.66919575113808
DCBLD2,ENSG00000057019,778,64.29752066115702,233,50.984682713347915,570,43.24734446130501
CMSS1,ENSG00000184220,958,79.17355371900825,322,70.45951859956236,986,74.81031866464339
FILIP1L,ENSG00000168386,608,50.247933884297524,144,31.50984682713348,713,54.09711684370257
TFG,ENSG00000114354,826,68.26446280991736,268,58.64332603938731,780,59.180576631259484
SENP7,ENSG00000138468,811,67.02479338842974,380,83.15098468271334,1059,80.34901365705615
TRMT10C,ENSG00000174173,740,61.15702479338842,232,50.76586433260394,790,59.93930197268589
PCNP,ENSG00000081154,988,81.65289256198346,340,74.39824945295405,945,71.69954476479515
RPL24,ENSG00000114391,1210,100.0,457,100.0,1318,100.0
CBLB,ENSG00000114423,657,54.29752066115703,368,80.52516411378556,1247,94.61305007587254
BBX,ENSG00000114439,1087,89.83471074380165,413,90.37199124726477,926,70.25796661608497
CD47,ENSG00000196776,758,62.64462809917355,215,47.04595185995623,476,36.11532625189681
NECTIN3,ENSG00000177707,634,52.396694214876035,85,18.599562363238512,172,13.050075872534142
BOC,ENSG00000144857,925,76.44628099173553,192,42.01312910284464,263,19.954476479514415
NAA50,ENSG00000121579,637,52.64462809917355,150,32.822757111597376,557,42.26100151745068
GAP43,ENSG00000172020,712,58.84297520661157,376,82.27571115973743,1306,99.08952959028832
LSAMP,ENSG00000185565,1151,95.12396694214877,395,86.43326039387308,1127,85.5083459787557
LINC03051,ENSG00000239268,1009,83.38842975206612,310,67.83369803063457,886,67.22306525037936
TIMMDC1,ENSG00000113845,630,52.066115702479344,201,43.98249452954048,658,49.92412746585736
GSK3B,ENSG00000082701,1130,93.38842975206612,443,96.93654266958424,1297,98.40667678300456
GPR156,ENSG00000175697,841,69.50413223140495,101,22.100656455142232,275,20.8649468892261
LRRC58,ENSG00000163428,723,59.75206611570248,172,37.63676148796499,630,47.79969650986343
FSTL1,ENSG00000163430,710,58.67768595041323,45,9.846827133479213,110,8.34597875569044
NDUFB4,ENSG00000065518,1078,89.0909090909091,448,98.03063457330416,1295,98.25493171471928
GOLGB1,ENSG00000173230,802,66.28099173553719,297,64.98905908096279,919,69.7268588770865
IQCB1,ENSG00000173226,771,63.71900826446281,174,38.074398249452955,533,40.44006069802732
FAM162A,ENSG00000114023,1038,85.78512396694215,320,70.02188183807439,932,70.71320182094082
KPNA1,ENSG00000114030,816,67.43801652892562,247,54.04814004376368,787,59.71168437025797
SEMA5B,ENSG00000082684,662,54.710743801652896,203,44.42013129102845,784,59.48406676783004
CCDC14,ENSG00000175455,906,74.87603305785125,312,68.27133479212254,943,71.54779969650986
KALRN,ENSG00000160145,975,80.57851239669421,425,92.99781181619255,1259,95.52352048558423
ZNF148,ENSG00000163848,1109,91.65289256198346,418,91.46608315098467,1256,95.2959028831563
SNX4,ENSG00000114520,616,50.90909090909091,273,59.73741794310722,983,74.58270106221548
ZXDC,ENSG00000070476,626,51.735537190082646,219,47.921225382932164,726,55.08345978755691
RUVBL1,ENSG00000175792,657,54.29752066115703,187,40.91903719912472,782,59.332321699544764
RAB7A,ENSG00000075785,1020,84.29752066115702,376,82.27571115973743,1127,85.5083459787557
CNBP,ENSG00000169714,1172,96.8595041322314,408,89.27789934354486,1146,86.94992412746586
H1-10,ENSG00000184897,1141,94.29752066115702,451,98.6870897155361,1300,98.63429438543247
TMCC1,ENSG00000172765,859,70.99173553719008,341,74.61706783369803,1060,80.42488619119878
ATP2C1,ENSG00000017260,718,59.33884297520661,296,64.77024070021882,975,73.97572078907434
MRPL3,ENSG00000114686,857,70.82644628099175,259,56.67396061269147,855,64.87101669195751
TMEM108,ENSG00000144868,802,66.28099173553719,335,73.30415754923413,1013,76.85887708649469
CDV3,ENSG00000091527,750,61.98347107438017,282,61.70678336980306,801,60.77389984825493
RYK,ENSG00000163785,911,75.2892561983471,298,65.20787746170679,798,60.54628224582701
ANAPC13,ENSG00000129055,694,57.35537190082645,242,52.95404814004377,747,56.676783004552355
PPP2R3A,ENSG00000073711,890,73.55371900826447,342,74.83588621444201,1131,85.81183611532626
NCK1,ENSG00000158092,751,62.066115702479344,212,46.389496717724285,600,45.52352048558422
ARMC8,ENSG00000114098,827,68.34710743801654,317,69.36542669584244,933,70.78907435508346
PIK3CB,ENSG00000051382,685,56.611570247933884,165,36.10503282275711,668,50.682852807283766
COPB2,ENSG00000184432,790,65.28925619834712,274,59.95623632385121,847,64.26403641881639
COPB2-DT,ENSG00000248932,698,57.68595041322314,209,45.73304157549234,769,58.34597875569044
SLC25A36,ENSG00000114120,1008,83.30578512396694,384,84.02625820568927,1075,81.56297420333838
RASA2,ENSG00000155903,700,57.85123966942148,229,50.10940919037199,780,59.180576631259484
RNF7,ENSG00000114125,880,72.72727272727273,310,67.83369803063457,893,67.75417298937785
ATP1B3,ENSG00000069849,1029,85.04132231404958,440,96.2800875273523,1240,94.08194233687405
TFDP2,ENSG00000114126,1063,87.85123966942149,422,92.34135667396062,1156,87.70864946889226
XRN1,ENSG00000114127,944,78.01652892561984,350,76.58643326039387,1022,77.54172989377845
TRPC1,ENSG00000144935,620,51.2396694214876,164,35.886214442013134,751,56.980273141122915
U2SURP,ENSG00000163714,1102,91.07438016528926,398,87.08971553610503,1180,89.52959028831563
HLTF,ENSG00000071794,866,71.5702479338843,248,54.26695842450766,970,73.59635811836115
COMMD2,ENSG00000114744,663,54.79338842975206,241,52.735229759299784,766,58.11836115326252
ANKUB1,ENSG00000206199,685,56.611570247933884,239,52.29759299781181,657,49.84825493171472
RNF13,ENSG00000082996,677,55.950413223140494,231,50.54704595185996,689,52.27617602427921
PFN2,ENSG00000070087,959,79.25619834710744,333,72.86652078774617,954,72.3823975720789
TSC22D2,ENSG00000196428,752,62.14876033057851,194,42.4507658643326,721,54.7040971168437
SERP1,ENSG00000120742,940,77.68595041322314,350,76.58643326039387,992,75.26555386949924
EIF2A,ENSG00000144895,773,63.88429752066116,258,56.455142231947484,832,63.12594840667678
SELENOT,ENSG00000198843,710,58.67768595041323,271,59.29978118161926,820,62.2154779969651
P2RY14,ENSG00000174944,607,50.16528925619834,55,12.035010940919037,206,15.629742033383915
MBNL1,ENSG00000152601,833,68.84297520661157,210,45.951859956236326,768,58.2701062215478
DHX36,ENSG00000174953,1061,87.68595041322314,428,93.6542669584245,1260,95.59939301972686
PLCH1,ENSG00000114805,918,75.86776859504131,162,35.44857768052516,550,41.7298937784522
GMPS,ENSG00000163655,828,68.4297520661157,254,55.57986870897156,752,57.056145675265554
SSR3,ENSG00000114850,633,52.314049586776854,214,46.82713347921225,686,52.04855842185129
CCNL1,ENSG00000163660,819,67.68595041322314,300,65.64551422319475,761,57.73899848254932
VEPH1,ENSG00000197415,675,55.78512396694215,64,14.00437636761488,200,15.174506828528072
SMC4,ENSG00000113810,691,57.107438016528924,177,38.7308533916849,383,29.05918057663126
KPNA4,ENSG00000186432,866,71.5702479338843,278,60.83150984682714,946,71.77541729893778
PPM1L,ENSG00000163590,809,66.85950413223141,406,88.8402625820569,1169,88.69499241274659
PDCD10,ENSG00000114209,647,53.471074380165284,242,52.95404814004377,735,55.76631259484067
GOLIM4,ENSG00000173905,707,58.429752066115704,274,59.95623632385121,618,46.889226100151745
SEC62,ENSG00000008952,1145,94.62809917355372,439,96.06126914660832,1286,97.57207890743551
PHC3,ENSG00000173889,817,67.52066115702479,252,55.14223194748359,785,59.55993930197268
RPL22L1,ENSG00000163584,857,70.82644628099175,163,35.667396061269145,481,36.49468892261002
FNDC3B,ENSG00000075420,796,65.78512396694215,156,34.13566739606127,823,62.44309559939302
ZMAT3,ENSG00000172667,979,80.9090909090909,234,51.203501094091905,482,36.57056145675266
MRPL47,ENSG00000136522,763,63.057851239669425,287,62.80087527352297,793,60.16691957511381
NDUFB5,ENSG00000136521,816,67.43801652892562,274,59.95623632385121,817,61.98786039453717
FXR1,ENSG00000114416,1122,92.72727272727272,419,91.68490153172867,1191,90.36418816388468
DNAJC19,ENSG00000205981,683,56.44628099173554,185,40.48140043763676,661,50.15174506828528
SOX2-OT,ENSG00000242808,972,80.33057851239668,106,23.194748358862142,202,15.326251896813353
SOX2,ENSG00000181449,1173,96.94214876033058,130,28.44638949671772,20,1.5174506828528074
ATP11B,ENSG00000058063,660,54.54545454545454,249,54.48577680525164,734,55.69044006069803
KLHL24,ENSG00000114796,757,62.56198347107438,400,87.527352297593,1164,88.31562974203338
PARL,ENSG00000175193,707,58.429752066115704,226,49.45295404814004,634,48.10318664643399
PSMD2,ENSG00000175166,795,65.70247933884298,288,63.01969365426696,926,70.25796661608497
POLR2H,ENSG00000163882,740,61.15702479338842,263,57.54923413566739,770,58.421851289833086
MAGEF1,ENSG00000177383,652,53.884297520661164,209,45.73304157549234,761,57.73899848254932
VPS8,ENSG00000156931,656,54.21487603305785,235,51.42231947483589,852,64.64339908952958
MAP3K13,ENSG00000073803,932,77.02479338842976,354,77.4617067833698,1152,87.4051593323217
SENP2,ENSG00000163904,606,50.082644628099175,217,47.4835886214442,701,53.186646433990894
IGF2BP2,ENSG00000073792,1199,99.0909090909091,454,99.34354485776805,1305,99.01365705614568
TRA2B,ENSG00000136527,1155,95.45454545454545,408,89.27789934354486,1183,89.75720789074356
ETV5,ENSG00000244405,631,52.14876033057851,38,8.315098468271334,201,15.250379362670714
EIF4A2,ENSG00000156976,1152,95.20661157024793,441,96.49890590809628,1301,98.71016691957512
MASP1,ENSG00000127241,832,68.7603305785124,208,45.51422319474836,433,32.85280728376328
LPP,ENSG00000145012,732,60.49586776859505,132,28.88402625820569,747,56.676783004552355
CCDC50,ENSG00000152492,660,54.54545454545454,274,59.95623632385121,925,70.18209408194234
OPA1,ENSG00000198836,686,56.69421487603306,249,54.48577680525164,813,61.68437025796661
HES1,ENSG00000114315,977,80.74380165289257,27,5.908096280087528,33,2.503793626707132
ATP13A3,ENSG00000133657,694,57.35537190082645,192,42.01312910284464,607,46.0546282245827
DYNLT2B,ENSG00000213123,702,58.01652892561984,176,38.51203501094092,900,68.28528072837634
UBXN7,ENSG00000163960,700,57.85123966942148,279,61.050328227571114,806,61.153262518968134
SENP5,ENSG00000119231,797,65.86776859504133,278,60.83150984682714,822,62.36722306525038
NCBP2,ENSG00000114503,862,71.2396694214876,305,66.73960612691467,972,73.74810318664643
NCBP2AS2,ENSG00000270170,616,50.90909090909091,192,42.01312910284464,639,48.482549317147196
LRCH3,ENSG00000186001,782,64.62809917355372,288,63.01969365426696,806,61.153262518968134
RPL35A,ENSG00000182899,1210,100.0,457,100.0,1318,100.0
ZNF721,ENSG00000182903,931,76.94214876033058,310,67.83369803063457,941,71.39605462822458
ATP5ME,ENSG00000169020,1166,96.36363636363636,444,97.15536105032822,1270,96.35811836115326
FGFR3,ENSG00000068078,623,51.48760330578512,75,16.411378555798688,63,4.779969650986343
NICOL1,ENSG00000243449,1102,91.07438016528926,433,94.74835886214443,1310,99.39301972685888
FAM193A,ENSG00000125386,788,65.12396694214875,302,66.08315098468272,951,72.15477996965099
ADD1,ENSG00000087274,901,74.46280991735537,317,69.36542669584244,983,74.58270106221548
HTT,ENSG00000197386,746,61.65289256198348,240,52.516411378555794,843,63.96054628224582
LRPAP1,ENSG00000163956,647,53.471074380165284,260,56.89277899343544,720,54.62822458270106
MRFAP1,ENSG00000179010,1118,92.39669421487604,418,91.46608315098467,1157,87.78452200303491
RAB28,ENSG00000157869,719,59.42148760330579,213,46.608315098468275,723,54.85584218512898
BOD1L1,ENSG00000038219,970,80.16528925619835,395,86.43326039387308,1179,89.45371775417298
CC2D2A,ENSG00000048342,684,56.528925619834716,160,35.010940919037196,628,47.64795144157815
FBXL5,ENSG00000118564,867,71.65289256198348,281,61.48796498905909,869,65.93323216995448
LDB2,ENSG00000169744,797,65.86776859504133,123,26.914660831509845,350,26.555386949924127
QDPR,ENSG00000151552,619,51.15702479338843,147,32.16630196936542,636,48.25493171471928
MED28,ENSG00000118579,848,70.08264462809917,289,63.23851203501094,782,59.332321699544764
FAM184B,ENSG00000047662,653,53.96694214876033,104,22.75711159737418,421,31.94233687405159
DCAF16,ENSG00000163257,645,53.30578512396694,194,42.4507658643326,522,39.60546282245827
LCORL,ENSG00000178177,1094,90.41322314049587,409,89.49671772428884,1183,89.75720789074356
ADGRA3,ENSG00000152990,929,76.77685950413223,324,70.89715536105032,836,63.42943854324734
DHX15,ENSG00000109606,835,69.00826446280992,320,70.02188183807439,919,69.7268588770865
SEL1L3,ENSG00000091490,807,66.69421487603306,236,51.64113785557986,304,23.06525037936267
SMIM20,ENSG00000250317,605,50.0,177,38.7308533916849,504,38.23975720789075
RBPJ,ENSG00000168214,1193,98.59504132231405,455,99.56236323851203,1290,97.87556904400607
TBC1D1,ENSG00000065882,916,75.70247933884298,160,35.010940919037196,337,25.569044006069802
KLHL5,ENSG00000109790,669,55.289256198347104,91,19.912472647702405,606,45.97875569044006
RFC1,ENSG00000035928,918,75.86776859504131,219,47.921225382932164,709,53.79362670713201
RPL9,ENSG00000163682,1210,100.0,457,100.0,1318,100.0
UBE2K,ENSG00000078140,1083,89.50413223140495,424,92.77899343544857,1206,91.50227617602428
PDS5A,ENSG00000121892,1073,88.67768595041322,396,86.65207877461707,1087,82.47344461305008
N4BP2,ENSG00000078177,785,64.87603305785123,166,36.32385120350109,698,52.95902883156297
APBB2,ENSG00000163697,748,61.81818181818181,156,34.13566739606127,616,46.737481031866466
UCHL1,ENSG00000154277,1149,94.9586776859504,442,96.71772428884027,1305,99.01365705614568
LIMCH1,ENSG00000064042,965,79.75206611570248,137,29.978118161925604,948,71.92716236722306
SLC30A9,ENSG00000014824,820,67.76859504132231,277,60.61269146608315,917,69.57511380880122
ATP8A1,ENSG00000124406,825,68.18181818181817,302,66.08315098468272,902,68.43702579666162
SLAIN2,ENSG00000109171,628,51.90082644628099,284,62.144420131291035,944,71.6236722306525
OCIAD1,ENSG00000109180,1100,90.9090909090909,412,90.15317286652079,1202,91.19878603945372
DANCR,ENSG00000226950,785,64.87603305785123,339,74.17943107221006,1031,78.22458270106222
FIP1L1,ENSG00000145216,768,63.47107438016529,272,59.51859956236324,906,68.74051593323217
TMEM165,ENSG00000134851,825,68.18181818181817,258,56.455142231947484,795,60.31866464339909
EXOC1,ENSG00000090989,671,55.45454545454545,212,46.389496717724285,804,61.001517450682854
CRACD,ENSG00000109265,972,80.33057851239668,429,93.8730853391685,1233,93.55083459787556
PPAT,ENSG00000128059,654,54.049586776859506,118,25.82056892778993,480,36.41881638846737
PAICS,ENSG00000128050,929,76.77685950413223,222,48.57768052516411,659,50.0
SRP72,ENSG00000174780,947,78.26446280991736,341,74.61706783369803,1042,79.05918057663126
REST,ENSG00000084093,785,64.87603305785123,53,11.597374179431071,286,21.699544764795146
POLR2B,ENSG00000047315,767,63.38842975206611,329,71.99124726477024,1075,81.56297420333838
EPHA5,ENSG00000145242,1013,83.71900826446281,383,83.80743982494529,1291,97.95144157814872
UBA6,ENSG00000033178,764,63.1404958677686,285,62.36323851203501,884,67.07132018209408
UBA6-DT,ENSG00000248049,704,58.18181818181818,251,54.92341356673961,904,68.5887708649469
YTHDC1,ENSG00000083896,1019,84.21487603305785,396,86.65207877461707,1076,81.63884673748103
AMBN,ENSG00000178522,656,54.21487603305785,53,11.597374179431071,51,3.8694992412746583
RUFY3,ENSG00000018189,1066,88.09917355371901,436,95.40481400437638,1293,98.103186646434
GRSF1,ENSG00000132463,674,55.70247933884298,257,56.236323851203494,750,56.904400606980275
USO1,ENSG00000138768,656,54.21487603305785,236,51.64113785557986,678,51.441578148710164
NUP54,ENSG00000138750,742,61.32231404958678,245,53.610503282275715,624,47.344461305007584
SCARB2,ENSG00000138760,699,57.768595041322314,368,80.52516411378556,885,67.14719271623673
SHROOM3,ENSG00000138771,1173,96.94214876033058,214,46.82713347921225,510,38.694992412746586
SEPTIN11,ENSG00000138758,1176,97.19008264462809,403,88.18380743982495,1267,96.13050075872535
CCNI,ENSG00000118816,1209,99.91735537190083,454,99.34354485776805,1317,99.92412746585735
MRPL1,ENSG00000169288,688,56.85950413223141,204,44.63894967177243,766,58.11836115326252
BMP2K,ENSG00000138756,616,50.90909090909091,115,25.164113785557984,437,33.15629742033384
HNRNPDL,ENSG00000152795,1185,97.93388429752066,449,98.24945295404814,1296,98.33080424886191
ENOPH1,ENSG00000145293,656,54.21487603305785,192,42.01312910284464,718,54.47647951441578
SEC31A,ENSG00000138674,1061,87.68595041322314,367,80.30634573304157,1079,81.86646433990894
COPS4,ENSG00000138663,649,53.63636363636364,208,45.51422319474836,683,51.82094081942337
MRPS18C,ENSG00000163319,751,62.066115702479344,260,56.89277899343544,844,64.03641881638846
MAPK10,ENSG00000109339,937,77.43801652892563,369,80.74398249452955,1177,89.3019726858877
PTPN13,ENSG00000163629,752,62.14876033057851,153,33.479212253829324,400,30.349013657056144
PKD2,ENSG00000118762,962,79.50413223140495,280,61.2691466083151,912,69.19575113808801
PYURF,ENSG00000145337,770,63.63636363636363,197,43.10722100656455,726,55.08345978755691
FAM13A,ENSG00000138640,977,80.74380165289257,248,54.26695842450766,880,66.76783004552352
SMARCAD1,ENSG00000163104,802,66.28099173553719,317,69.36542669584244,1016,77.08649468892261
BMPR1B,ENSG00000138696,665,54.958677685950406,68,14.87964989059081,12,0.9104704097116844
RAP1GDS1,ENSG00000138698,838,69.25619834710743,285,62.36323851203501,898,68.13353566009106
TSPAN5,ENSG00000168785,1187,98.09917355371901,434,94.9671772428884,1231,93.39908952959028
ADH5,ENSG00000197894,1019,84.21487603305785,361,78.99343544857767,982,74.50682852807283
LAMTOR3,ENSG00000109270,613,50.66115702479339,175,38.29321663019694,573,43.47496206373293
DNAJB14,ENSG00000164031,724,59.83471074380166,188,41.13785557986871,733,55.61456752655539
H2AZ1,ENSG00000164032,1201,99.25619834710744,450,98.46827133479212,1314,99.69650986342944
UBE2D3,ENSG00000109332,1166,96.36363636363636,442,96.71772428884027,1263,95.82701062215479
PPA2,ENSG00000138777,870,71.900826446281,217,47.4835886214442,725,55.00758725341427
AIMP1,ENSG00000164022,795,65.70247933884298,267,58.42450765864332,802,60.849772382397575
PAPSS1,ENSG00000138801,764,63.1404958677686,318,69.58424507658644,1133,85.96358118361154
RPL34,ENSG00000109475,1210,100.0,457,100.0,1318,100.0
OSTC,ENSG00000198856,884,73.05785123966942,246,53.82932166301969,654,49.6206373292868
SEC24B,ENSG00000138802,726,60.0,223,48.796498905908095,705,53.490136570561454
LARP7,ENSG00000174720,857,70.82644628099175,272,59.51859956236324,791,60.01517450682853
NDST4,ENSG00000138653,615,50.82644628099173,224,49.01531728665208,964,73.14112291350531
SNHG8,ENSG00000269893,697,57.60330578512397,229,50.10940919037199,677,51.365705614567524
C4orf3,ENSG00000164096,928,76.69421487603306,264,57.76805251641138,883,66.99544764795145
PDE5A,ENSG00000138735,627,51.81818181818182,195,42.669584245076585,729,55.31107738998483
ANXA5,ENSG00000164111,847,70.0,113,24.72647702407002,60,4.552352048558421
BLTP1,ENSG00000138688,841,69.50413223140495,321,70.24070021881839,1012,76.78300455235205
AFG2A,ENSG00000145375,627,51.81818181818182,203,44.42013129102845,614,46.58573596358118
FAT4,ENSG00000196159,943,77.93388429752066,237,51.85995623632385,983,74.58270106221548
INTU,ENSG00000164066,942,77.85123966942149,187,40.91903719912472,546,41.426403641881635
HSPA4L,ENSG00000164070,754,62.314049586776854,164,35.886214442013134,436,33.0804248861912
LARP1B,ENSG00000138709,779,64.3801652892562,262,57.330415754923415,819,62.13960546282246
PGRMC2,ENSG00000164040,681,56.28099173553719,335,73.30415754923413,649,49.241274658573595
SCLT1,ENSG00000151466,776,64.13223140495867,263,57.54923413566739,944,71.6236722306525
ELF2,ENSG00000109381,940,77.68595041322314,395,86.43326039387308,1191,90.36418816388468
NDUFC1,ENSG00000109390,1053,87.02479338842976,337,73.7417943107221,1035,78.52807283763278
MAML3,ENSG00000196782,981,81.07438016528926,452,98.90590809628009,1245,94.46130500758724
SCOC,ENSG00000153130,761,62.892561983471076,271,59.29978118161926,863,65.47799696509864
RNF150,ENSG00000170153,607,50.16528925619834,162,35.44857768052516,766,58.11836115326252
GAB1,ENSG00000109458,821,67.85123966942149,280,61.2691466083151,587,44.537177541729896
SMARCA5,ENSG00000153147,1065,88.01652892561982,427,93.43544857768052,1163,88.23975720789075
ANAPC10,ENSG00000164162,656,54.21487603305785,216,47.26477024070022,658,49.92412746585736
LSM6,ENSG00000164167,717,59.256198347107436,205,44.85776805251641,508,38.54324734446131
DCLK2,ENSG00000170390,725,59.917355371900825,258,56.455142231947484,877,66.5402124430956
RPS3A,ENSG00000145425,1210,100.0,457,100.0,1318,100.0
FBXW7,ENSG00000109670,877,72.47933884297521,291,63.67614879649891,848,64.33990895295902
ARFIP1,ENSG00000164144,732,60.49586776859505,208,45.51422319474836,614,46.58573596358118
TRIM2,ENSG00000109654,1191,98.42975206611571,448,98.03063457330416,1276,96.81335356600911
TMEM131L,ENSG00000121210,675,55.78512396694215,314,68.7089715536105,805,61.077389984825494
PDGFC,ENSG00000145431,836,69.0909090909091,163,35.667396061269145,1059,80.34901365705615
TMA16,ENSG00000198498,637,52.64462809917355,160,35.010940919037196,434,32.92867981790592
MARCHF1,ENSG00000145416,851,70.33057851239668,370,80.96280087527352,1165,88.39150227617603
MSMO1,ENSG00000052802,847,70.0,316,69.14660831509846,1010,76.63125948406677
CPE,ENSG00000109472,834,68.92561983471074,431,94.31072210065645,1313,99.6206373292868
PALLD,ENSG00000129116,1151,95.12396694214877,343,75.054704595186,944,71.6236722306525
CBR4,ENSG00000145439,888,73.38842975206612,322,70.45951859956236,890,67.52655538694992
NEK1,ENSG00000137601,688,56.85950413223141,195,42.669584245076585,743,56.373292867981796
CLCN3,ENSG00000109572,852,70.41322314049587,274,59.95623632385121,975,73.97572078907434
HPF1,ENSG00000056050,748,61.81818181818181,226,49.45295404814004,890,67.52655538694992
GALNT7,ENSG00000109586,613,50.66115702479339,242,52.95404814004377,314,23.823975720789075
HMGB2,ENSG00000164104,733,60.578512396694215,132,28.88402625820569,145,11.001517450682853
SAP30,ENSG00000164105,837,69.17355371900827,287,62.80087527352297,690,52.35204855842185
GPM6A,ENSG00000150625,1202,99.3388429752066,452,98.90590809628009,1318,100.0
WDR17,ENSG00000150627,770,63.63636363636363,237,51.85995623632385,693,52.57966616084977
SPCS3,ENSG00000129128,641,52.97520661157024,222,48.57768052516411,643,48.786039453717756
TENM3,ENSG00000218336,807,66.69421487603306,273,59.73741794310722,753,57.132018209408194
STOX2,ENSG00000173320,1123,92.8099173553719,373,81.61925601750546,941,71.39605462822458
CFAP97,ENSG00000164323,612,50.57851239669422,174,38.074398249452955,715,54.24886191198786
UFSP2,ENSG00000109775,714,59.008264462809926,191,41.79431072210066,539,40.895295902883156
SORBS2,ENSG00000154556,1015,83.88429752066115,387,84.68271334792122,1269,96.28224582701063
PDCD6,ENSG00000249915,862,71.2396694214876,283,61.925601750547045,917,69.57511380880122
BRD9,ENSG00000028310,689,56.94214876033058,290,63.45733041575492,833,63.20182094081942
MRPL36,ENSG00000171421,609,50.3305785123967,190,41.57549234135667,676,51.289833080424884
NDUFS6,ENSG00000145494,1084,89.58677685950414,410,89.71553610503283,1178,89.37784522003035
ICE1,ENSG00000164151,675,55.78512396694215,246,53.82932166301969,804,61.001517450682854
MED10,ENSG00000133398,829,68.51239669421487,259,56.67396061269147,797,60.47040971168437
ADCY2,ENSG00000078295,831,68.67768595041322,193,42.23194748358862,61,4.628224582701062
CCT5,ENSG00000150753,1006,83.14049586776859,394,86.2144420131291,1153,87.48103186646435
CMBL,ENSG00000164237,772,63.80165289256199,88,19.25601750547046,264,20.030349013657055
MARCHF6,ENSG00000145495,1130,93.38842975206612,436,95.40481400437638,1269,96.28224582701063
FBXL7,ENSG00000183580,1138,94.04958677685951,209,45.73304157549234,113,8.573596358118362
MYO10,ENSG00000145555,1092,90.24793388429751,338,73.96061269146608,757,57.43550834597876
BASP1,ENSG00000176788,1208,99.83471074380165,457,100.0,1318,100.0
CDH12,ENSG00000154162,726,60.0,145,31.72866520787746,280,21.2443095599393
GOLPH3,ENSG00000113384,778,64.29752066115702,278,60.83150984682714,842,63.88467374810318
ZFR,ENSG00000056097,1078,89.0909090909091,399,87.30853391684902,1113,84.44613050075873
SUB1,ENSG00000113387,1171,96.77685950413223,457,100.0,1306,99.08952959028832
RAI14,ENSG00000039560,865,71.48760330578511,205,44.85776805251641,968,73.44461305007587
SLC1A3,ENSG00000079215,1019,84.21487603305785,101,22.100656455142232,118,8.952959028831563
CPLANE1,ENSG00000197603,690,57.02479338842975,219,47.921225382932164,670,50.834597875569045
WDR70,ENSG00000082068,981,81.07438016528926,389,85.12035010940919,1088,82.54931714719271
LIFR,ENSG00000113594,873,72.14876033057851,81,17.72428884026258,206,15.629742033383915
RPL37,ENSG00000145592,1210,100.0,457,100.0,1318,100.0
ZNF131,ENSG00000172262,897,74.13223140495869,320,70.02188183807439,964,73.14112291350531
HMGCS1,ENSG00000112972,876,72.39669421487604,320,70.02188183807439,959,72.7617602427921
PAIP1,ENSG00000172239,882,72.89256198347107,356,77.89934354485777,1039,78.83156297420334
MRPS30,ENSG00000112996,613,50.66115702479339,196,42.88840262582057,607,46.0546282245827
NDUFS4,ENSG00000164258,1086,89.75206611570248,396,86.65207877461707,1138,86.34294385432474
ARL15,ENSG00000185305,984,81.32231404958678,382,83.58862144420132,1181,89.60546282245826
MTREX,ENSG00000039123,781,64.54545454545455,287,62.80087527352297,839,63.65705614567526
PLPP1,ENSG00000067113,615,50.82644628099173,182,39.82494529540481,692,52.50379362670713
GPBP1,ENSG00000062194,1114,92.06611570247934,420,91.90371991247265,1184,89.83308042488619
ERCC8,ENSG00000049167,698,57.68595041322314,217,47.4835886214442,714,54.17298937784521
NDUFAF2,ENSG00000164182,925,76.44628099173553,307,67.17724288840262,1038,78.7556904400607
KIF2A,ENSG00000068796,1002,82.8099173553719,392,85.77680525164114,1158,87.86039453717754
SREK1IP1,ENSG00000153006,859,70.99173553719008,320,70.02188183807439,913,69.27162367223065
CWC27,ENSG00000153015,920,76.03305785123968,368,80.52516411378556,996,75.5690440060698
ADAMTS6,ENSG00000049192,924,76.36363636363637,62,13.566739606126916,33,2.503793626707132
SREK1,ENSG00000153914,931,76.94214876033058,273,59.73741794310722,854,64.79514415781486
KGD4,ENSG00000134056,730,60.33057851239669,289,63.23851203501094,924,70.10622154779969
BDP1,ENSG00000145734,857,70.82644628099175,321,70.24070021881839,1021,77.46585735963582
TNPO1,ENSG00000083312,1132,93.55371900826445,417,91.2472647702407,1259,95.52352048558423
BTF3,ENSG00000145741,1203,99.42148760330578,455,99.56236323851203,1305,99.01365705614568
ENC1,ENSG00000171617,780,64.46280991735537,429,93.8730853391685,1055,80.04552352048559
NSA2,ENSG00000164346,1068,88.26446280991735,401,87.74617067833698,1135,86.11532625189682
IQGAP2,ENSG00000145703,797,65.86776859504133,34,7.439824945295405,22,1.669195751138088
WDR41,ENSG00000164253,618,51.074380165289256,119,26.039387308533918,507,38.46737481031867
TBCA,ENSG00000171530,1187,98.09917355371901,445,97.3741794310722,1293,98.103186646434
AP3B1,ENSG00000132842,806,66.61157024793388,244,53.39168490153173,706,53.566009104704094
SCAMP1,ENSG00000085365,637,52.64462809917355,228,49.89059080962801,962,72.98937784522003
TENT2,ENSG00000164329,859,70.99173553719008,316,69.14660831509846,898,68.13353566009106
ZFYVE16,ENSG00000039319,760,62.8099173553719,247,54.04814004376368,838,63.58118361153262
SSBP2,ENSG00000145687,1201,99.25619834710744,446,97.59299781181619,1287,97.64795144157816
RPS23,ENSG00000186468,1210,100.0,457,100.0,1318,100.0
TMEM167A,ENSG00000174695,916,75.70247933884298,264,57.76805251641138,936,71.01669195751138
VCAN,ENSG00000038427,1183,97.76859504132231,368,80.52516411378556,719,54.55235204855842
COX7C,ENSG00000127184,1209,99.91735537190083,457,100.0,1318,100.0
RASA1,ENSG00000145715,892,73.71900826446281,373,81.61925601750546,1091,82.77693474962064
CCNH,ENSG00000134480,1092,90.24793388429751,423,92.5601750547046,1228,93.17147192716236
TMEM161B-DT,ENSG00000247828,1206,99.6694214876033,445,97.3741794310722,1254,95.14415781487102
MIR9-2HG,ENSG00000245526,1210,100.0,457,100.0,1311,99.46889226100151
MEF2C-AS2,ENSG00000245864,626,51.735537190082646,213,46.608315098468275,568,43.09559939301973
ADGRV1,ENSG00000164199,825,68.18181818181817,136,29.75929978118162,118,8.952959028831563
ARB2A,ENSG00000113391,1046,86.44628099173553,363,79.43107221006565,1135,86.11532625189682
SKIC3,ENSG00000198677,911,75.2892561983471,358,78.33698030634574,1133,85.96358118361154
RHOBTB3,ENSG00000164292,912,75.37190082644628,364,79.64989059080962,1050,79.66616084977238
PAM,ENSG00000145730,1100,90.9090909090909,403,88.18380743982495,1188,90.13657056145675
PPIP5K2,ENSG00000145725,747,61.735537190082646,299,65.42669584245077,997,75.64491654021245
FBXL17,ENSG00000145743,904,74.7107438016529,343,75.054704595186,1116,84.67374810318664
FER,ENSG00000151422,1119,92.47933884297521,397,86.87089715536105,1216,92.26100151745068
PJA2,ENSG00000198961,985,81.40495867768594,416,91.02844638949672,1261,95.67526555386951
STARD4-AS1,ENSG00000246859,868,71.73553719008264,402,87.96498905908096,1202,91.19878603945372
NREP,ENSG00000134986,1145,94.62809917355372,452,98.90590809628009,1313,99.6206373292868
EPB41L4A-AS1,ENSG00000224032,883,72.97520661157024,338,73.96061269146608,902,68.43702579666162
APC,ENSG00000134982,1134,93.71900826446281,400,87.527352297593,1216,92.26100151745068
SRP19,ENSG00000153037,909,75.12396694214875,355,77.68052516411379,1060,80.42488619119878
REEP5,ENSG00000129625,633,52.314049586776854,200,43.7636761487965,632,47.95144157814871
CCDC112,ENSG00000164221,755,62.396694214876035,382,83.58862144420132,1201,91.12291350531108
CDO1,ENSG00000129596,664,54.87603305785124,95,20.787746170678336,386,29.286798179059183
ATG12,ENSG00000145782,717,59.256198347107436,246,53.82932166301969,775,58.801213960546285
AP3S1,ENSG00000177879,708,58.51239669421487,285,62.36323851203501,1013,76.85887708649469
COMMD10,ENSG00000145781,882,72.89256198347107,283,61.925601750547045,764,57.96661608497724
SEMA6A,ENSG00000092421,648,53.553719008264466,129,28.227571115973742,697,52.88315629742033
DMXL1,ENSG00000172869,746,61.65289256198348,246,53.82932166301969,843,63.96054628224582
HSD17B4,ENSG00000133835,633,52.314049586776854,214,46.82713347921225,741,56.221547799696516
SRFBP1,ENSG00000151304,655,54.132231404958674,172,37.63676148796499,557,42.26100151745068
SNX2,ENSG00000205302,878,72.56198347107437,254,55.57986870897156,844,64.03641881638846
CSNK1G3,ENSG00000151292,680,56.19834710743802,279,61.050328227571114,861,65.32625189681336
ZNF608,ENSG00000168916,840,69.42148760330579,369,80.74398249452955,989,75.03793626707133
ALDH7A1,ENSG00000164904,805,66.52892561983471,259,56.67396061269147,682,51.74506828528072
PHAX,ENSG00000164902,742,61.32231404958678,229,50.10940919037199,784,59.48406676783004
LMNB1,ENSG00000113368,617,50.99173553719009,250,54.70459518599562,741,56.221547799696516
HINT1,ENSG00000169567,1209,99.91735537190083,456,99.78118161925602,1317,99.92412746585735
CDC42SE2,ENSG00000158985,897,74.13223140495869,326,71.33479212253829,876,66.46433990895297
RAPGEF6,ENSG00000158987,900,74.3801652892562,334,73.08533916849015,1041,78.98330804248862
FNIP1,ENSG00000217128,967,79.91735537190083,295,64.55142231947484,876,66.46433990895297
RAD50,ENSG00000113522,722,59.6694214876033,240,52.516411378555794,807,61.229135053110774
KIF3A,ENSG00000131437,664,54.87603305785124,321,70.24070021881839,1200,91.04704097116844
UQCRQ,ENSG00000164405,1113,91.98347107438016,431,94.31072210065645,1274,96.66160849772383
AFF4,ENSG00000072364,1121,92.64462809917356,438,95.84245076586433,1246,94.53717754172989
ZCCHC10,ENSG00000155329,629,51.98347107438016,211,46.17067833698031,666,50.53110773899848
HSPA4,ENSG00000170606,735,60.74380165289256,282,61.70678336980306,918,69.65098634294385
VDAC1,ENSG00000213585,1093,90.3305785123967,395,86.43326039387308,1179,89.45371775417298
SKP1,ENSG00000113558,1187,98.09917355371901,450,98.46827133479212,1305,99.01365705614568
UBE2B,ENSG00000119048,975,80.57851239669421,393,85.99562363238512,1135,86.11532625189682
CAMLG,ENSG00000164615,1088,89.91735537190083,392,85.77680525164114,1159,87.93626707132019
DDX46,ENSG00000145833,1063,87.85123966942149,386,84.46389496717724,1125,85.35660091047042
C5orf24,ENSG00000181904,726,60.0,243,53.17286652078774,812,61.60849772382397
MACROH2A1,ENSG00000113648,1114,92.06611570247934,425,92.99781181619255,1210,91.80576631259484
SMAD5,ENSG00000113658,884,73.05785123966942,312,68.27133479212254,821,62.29135053110774
HNRNPA0,ENSG00000177733,1016,83.96694214876032,423,92.5601750547046,1227,93.09559939301973
FAM13B,ENSG00000031003,738,60.99173553719008,291,63.67614879649891,876,66.46433990895297
HSPA9,ENSG00000113013,953,78.7603305785124,315,68.9277899343545,924,70.10622154779969
CTNNA1,ENSG00000044115,986,81.48760330578513,296,64.77024070021882,765,58.04248861911988
SIL1,ENSG00000120725,655,54.132231404958674,230,50.32822757111597,636,48.25493171471928
PAIP2,ENSG00000120727,1113,91.98347107438016,432,94.52954048140045,1202,91.19878603945372
UBE2D2,ENSG00000131508,1123,92.8099173553719,426,93.21663019693655,1251,94.9165402124431
CYSTM1,ENSG00000120306,735,60.74380165289256,216,47.26477024070022,678,51.441578148710164
PFDN1,ENSG00000113068,842,69.58677685950413,299,65.42669584245077,902,68.43702579666162
ANKHD1,ENSG00000131503,1079,89.17355371900827,370,80.96280087527352,976,74.05159332321699
NDUFA2,ENSG00000131495,954,78.84297520661157,348,76.14879649890591,1099,83.38391502276176
IK,ENSG00000113141,833,68.84297520661157,297,64.98905908096279,1008,76.4795144157815
TAF7,ENSG00000178913,1097,90.6611570247934,422,92.34135667396062,1188,90.13657056145675
GNPDA1,ENSG00000113552,771,63.71900826446281,174,38.074398249452955,517,39.22610015174507
NDFIP1,ENSG00000131507,1024,84.62809917355372,398,87.08971553610503,1253,95.06828528072838
LARS1,ENSG00000133706,1003,82.89256198347107,311,68.05251641137856,993,75.34142640364189
TCERG1,ENSG00000113649,1013,83.71900826446281,361,78.99343544857767,1077,81.71471927162366
PPP2R2B,ENSG00000156475,1042,86.11570247933884,317,69.36542669584244,1241,94.15781487101668
JAKMIP2,ENSG00000176049,1006,83.14049586776859,423,92.5601750547046,1263,95.82701062215479
CSNK1A1,ENSG00000113712,1157,95.6198347107438,443,96.93654266958424,1274,96.66160849772383
RPS14,ENSG00000164587,1210,100.0,457,100.0,1318,100.0
RBM22,ENSG00000086589,630,52.066115702479344,190,41.57549234135667,598,45.371775417298934
DCTN4,ENSG00000132912,833,68.84297520661157,284,62.144420131291035,922,69.95447647951441
SPARC,ENSG00000113140,721,59.586776859504134,28,6.12691466083151,33,2.503793626707132
ATOX1,ENSG00000177556,841,69.50413223140495,267,58.42450765864332,1034,78.45220030349014
G3BP1,ENSG00000145907,958,79.17355371900825,312,68.27133479212254,956,72.53414264036418
MRPL22,ENSG00000082515,657,54.29752066115703,198,43.32603938730853,586,44.46130500758726
CLINT1,ENSG00000113282,717,59.256198347107436,255,55.798687089715536,750,56.904400606980275
RNF145,ENSG00000145860,867,71.65289256198348,303,66.3019693654267,905,68.66464339908953
TTC1,ENSG00000113312,804,66.44628099173553,283,61.925601750547045,905,68.66464339908953
PWWP2A,ENSG00000170234,630,52.066115702479344,183,40.0437636761488,722,54.77996965098634
WWC1,ENSG00000113645,709,58.595041322314046,113,24.72647702407002,636,48.25493171471928
RARS1,ENSG00000113643,751,62.066115702479344,224,49.01531728665208,785,59.55993930197268
PANK3,ENSG00000120137,706,58.34710743801653,293,64.11378555798687,919,69.7268588770865
NPM1,ENSG00000181163,1210,100.0,456,99.78118161925602,1314,99.69650986342944
FBXW11,ENSG00000072803,981,81.07438016528926,373,81.61925601750546,1087,82.47344461305008
UBTD2,ENSG00000168246,695,57.438016528925615,335,73.30415754923413,916,69.49924127465857
SH3PXD2B,ENSG00000174705,688,56.85950413223141,221,48.35886214442014,678,51.441578148710164
RPL26L1,ENSG00000037241,756,62.47933884297521,313,68.49015317286651,958,72.68588770864946
ATP6V0E1,ENSG00000113732,912,75.37190082644628,353,77.24288840262582,910,69.04400606980273
BOD1,ENSG00000145919,773,63.88429752066116,225,49.23413566739606,643,48.786039453717756
SFXN1,ENSG00000164466,929,76.77685950413223,320,70.02188183807439,988,74.96206373292867
HIGD2A,ENSG00000146066,860,71.07438016528926,287,62.80087527352297,782,59.332321699544764
FAF2,ENSG00000113194,820,67.76859504132231,234,51.203501094091905,775,58.801213960546285
PRELID1,ENSG00000169230,949,78.4297520661157,306,66.95842450765865,1029,78.07283763277694
LMAN2,ENSG00000169223,642,53.05785123966942,226,49.45295404814004,680,51.593323216995444
DBN1,ENSG00000113758,712,58.84297520661157,396,86.65207877461707,1187,90.06069802731412
PDLIM7,ENSG00000196923,612,50.57851239669422,129,28.227571115973742,337,25.569044006069802
TMED9,ENSG00000184840,809,66.85950413223141,304,66.52078774617067,828,62.82245827010622
NHP2,ENSG00000145912,945,78.099173553719,329,71.99124726477024,995,75.49317147192717
HNRNPAB,ENSG00000197451,1058,87.43801652892562,419,91.68490153172867,1209,91.7298937784522
PHYKPL,ENSG00000175309,608,50.247933884297524,165,36.10503282275711,535,40.591805766312596
HNRNPH1,ENSG00000169045,1013,83.71900826446281,403,88.18380743982495,1111,84.29438543247343
CANX,ENSG00000127022,990,81.81818181818183,367,80.30634573304157,1049,79.59028831562975
SQSTM1,ENSG00000161011,723,59.75206611570248,236,51.64113785557986,744,56.449165402124436
RNF130,ENSG00000113269,1197,98.92561983471074,456,99.78118161925602,1282,97.26858877086495
CNOT6,ENSG00000113300,773,63.88429752066116,313,68.49015317286651,889,67.45068285280729
RACK1,ENSG00000204628,1210,100.0,457,100.0,1317,99.92412746585735
TUBB2A,ENSG00000137267,1074,88.7603305785124,401,87.74617067833698,1312,99.54476479514416
TUBB2B,ENSG00000137285,1209,99.91735537190083,456,99.78118161925602,1318,100.0
SLC22A23,ENSG00000137266,736,60.82644628099173,406,88.8402625820569,1174,89.07435508345979
PRP4K,ENSG00000112739,947,78.26446280991736,310,67.83369803063457,820,62.2154779969651
ECI2,ENSG00000198721,718,59.33884297520661,197,43.10722100656455,533,40.44006069802732
CDYL,ENSG00000153046,797,65.86776859504133,276,60.393873085339166,754,57.207890743550834
LYRM4,ENSG00000214113,815,67.35537190082644,274,59.95623632385121,804,61.001517450682854
FARS2,ENSG00000145982,747,61.735537190082646,276,60.393873085339166,902,68.43702579666162
SSR1,ENSG00000124783,715,59.09090909090909,247,54.04814004376368,780,59.180576631259484
EEF1E1,ENSG00000124802,765,63.22314049586777,207,45.29540481400438,680,51.593323216995444
TMEM14C,ENSG00000111843,935,77.27272727272727,299,65.42669584245077,913,69.27162367223065
TMEM14B,ENSG00000137210,1089,90.0,398,87.08971553610503,1201,91.12291350531108
NEDD9,ENSG00000111859,663,54.79338842975206,93,20.350109409190374,236,17.905918057663126
PHACTR1,ENSG00000112137,981,81.07438016528926,398,87.08971553610503,1293,98.103186646434
NOL7,ENSG00000225921,1033,85.37190082644628,312,68.27133479212254,1060,80.42488619119878
ATXN1,ENSG00000124788,627,51.81818181818182,89,19.474835886214443,626,47.496206373292864
CAP2,ENSG00000112186,841,69.50413223140495,296,64.77024070021882,1229,93.247344461305
NUP153,ENSG00000124789,712,58.84297520661157,196,42.88840262582057,614,46.58573596358118
KIF13A,ENSG00000137177,722,59.6694214876033,159,34.79212253829322,523,39.68133535660091
DEK,ENSG00000124795,1153,95.2892561983471,391,85.55798687089715,1114,84.52200303490136
LNC-LBCS,ENSG00000228412,621,51.32231404958678,81,17.72428884026258,158,11.987860394537178
ID4,ENSG00000172201,1200,99.17355371900827,335,73.30415754923413,816,61.91198786039453
CDKAL1,ENSG00000145996,1078,89.0909090909091,424,92.77899343544857,1188,90.13657056145675
SOX4,ENSG00000124766,1208,99.83471074380165,457,100.0,1318,100.0
CASC15,ENSG00000272168,1165,96.28099173553719,457,100.0,1218,92.41274658573596
C6orf62,ENSG00000112308,652,53.884297520661164,245,53.610503282275715,836,63.42943854324734
CARMIL1,ENSG00000079691,717,59.256198347107436,377,82.4945295404814,587,44.537177541729896
RPP21,ENSG00000241370,736,60.82644628099173,242,52.95404814004377,868,65.85735963581185
ABCF1,ENSG00000204574,768,63.47107438016529,283,61.925601750547045,844,64.03641881638846
PPP1R10,ENSG00000204569,911,75.2892561983471,396,86.65207877461707,1130,85.73596358118361
TUBB,ENSG00000196230,1198,99.00826446280992,456,99.78118161925602,1317,99.92412746585735
FLOT1,ENSG00000137312,677,55.950413223140494,234,51.203501094091905,847,64.26403641881639
DDX39B,ENSG00000198563,1089,90.0,402,87.96498905908096,1143,86.72230652503794
DDAH2,ENSG00000213722,885,73.14049586776859,406,88.8402625820569,1278,96.96509863429439
CLIC1,ENSG00000213719,838,69.25619834710743,238,52.078774617067836,653,49.54476479514416
LSM2,ENSG00000204392,948,78.34710743801652,338,73.96061269146608,910,69.04400606980273
SNHG32,ENSG00000204387,929,76.77685950413223,332,72.64770240700219,895,67.90591805766313
NELFE,ENSG00000204356,662,54.710743801652896,201,43.98249452954048,687,52.12443095599393
RNF5,ENSG00000204308,659,54.46280991735537,290,63.45733041575492,952,72.23065250379362
BRD2,ENSG00000204256,721,59.586776859504134,250,54.70459518599562,827,62.74658573596358
RPS18,ENSG00000231500,1210,100.0,457,100.0,1318,100.0
PFDN6,ENSG00000204220,612,50.57851239669422,204,44.63894967177243,683,51.82094081942337
CUTA,ENSG00000112514,1018,84.13223140495867,361,78.99343544857767,1064,80.72837632776935
UQCC2,ENSG00000137288,920,76.03305785123968,278,60.83150984682714,950,72.07890743550834
HMGA1,ENSG00000137309,668,55.20661157024793,298,65.20787746170679,1016,77.08649468892261
NUDT3,ENSG00000272325,774,63.96694214876033,263,57.54923413566739,1140,86.49468892261002
RPS10,ENSG00000124614,1191,98.42975206611571,445,97.3741794310722,1276,96.81335356600911
SNRPC,ENSG00000124562,962,79.50413223140495,323,70.67833698030634,1003,76.10015174506829
TAF11,ENSG00000064995,662,54.710743801652896,239,52.29759299781181,767,58.19423368740516
ANKS1A,ENSG00000064999,733,60.578512396694215,248,54.26695842450766,828,62.82245827010622
RPL10A,ENSG00000198755,1210,100.0,456,99.78118161925602,1318,100.0
SRPK1,ENSG00000096063,754,62.314049586776854,295,64.55142231947484,893,67.75417298937785
KCTD20,ENSG00000112078,605,50.0,181,39.606126914660834,604,45.82701062215478
SRSF3,ENSG00000112081,1166,96.36363636363636,448,98.03063457330416,1244,94.38543247344461
MTCH1,ENSG00000137409,808,66.77685950413223,263,57.54923413566739,908,68.89226100151745
CCDC167,ENSG00000198937,632,52.231404958677686,265,57.98687089715536,800,60.69802731411229
ZFAND3,ENSG00000156639,1140,94.21487603305785,439,96.06126914660832,1296,98.33080424886191
BTBD9,ENSG00000183826,805,66.52892561983471,369,80.74398249452955,1079,81.86646433990894
OARD1,ENSG00000124596,657,54.29752066115703,209,45.73304157549234,652,49.46889226100152
TOMM6,ENSG00000214736,1046,86.44628099173553,347,75.92997811816193,928,70.40971168437025
TRERF1,ENSG00000124496,653,53.96694214876033,122,26.695842450765866,427,32.39757207890743
BICRAL,ENSG00000112624,645,53.30578512396694,215,47.04595185995623,797,60.47040971168437
RPL7L1,ENSG00000146223,976,80.66115702479338,327,71.55361050328227,1074,81.48710166919575
DNPH1,ENSG00000112667,695,57.438016528925615,93,20.350109409190374,378,28.67981790591806
YIPF3,ENSG00000137207,677,55.950413223140494,288,63.01969365426696,873,66.23672230652504
VEGFA,ENSG00000112715,779,64.3801652892562,292,63.89496717724289,699,53.03490136570561
MRPL14,ENSG00000180992,694,57.35537190082645,228,49.89059080962801,752,57.056145675265554
HSP90AB1,ENSG00000096384,1210,100.0,457,100.0,1317,99.92412746585735
CDC5L,ENSG00000096401,774,63.96694214876033,260,56.89277899343544,940,71.32018209408194
SUPT3H,ENSG00000196284,942,77.85123966942149,330,72.21006564551422,1055,80.04552352048559
CD2AP,ENSG00000198087,669,55.289256198347104,190,41.57549234135667,590,44.764795144157816
PTCHD4,ENSG00000244694,723,59.75206611570248,154,33.69803063457331,135,10.242792109256449
ENSG00000286811,ENSG00000286811,721,59.586776859504134,149,32.60393873085339,89,6.752655538694992
GSTA4,ENSG00000170899,760,62.8099173553719,366,80.0875273522976,1179,89.45371775417298
ZNF451,ENSG00000112200,827,68.34710743801654,338,73.96061269146608,1029,78.07283763277694
PRIM2,ENSG00000146143,740,61.15702479338842,212,46.389496717724285,690,52.35204855842185
ADGRB3-DT,ENSG00000230910,715,59.09090909090909,195,42.669584245076585,520,39.45371775417299
ADGRB3,ENSG00000135298,1206,99.6694214876033,448,98.03063457330416,1309,99.31714719271623
FAM135A,ENSG00000082269,818,67.60330578512396,157,34.35448577680525,604,45.82701062215478
SMAP1,ENSG00000112305,1049,86.69421487603306,347,75.92997811816193,1201,91.12291350531108
B3GAT2,ENSG00000112309,945,78.099173553719,63,13.785557986870897,363,27.541729893778456
EEF1A1,ENSG00000156508,1210,100.0,457,100.0,1318,100.0
COX7A2,ENSG00000112695,1189,98.26446280991735,456,99.78118161925602,1316,99.84825493171472
MYO6,ENSG00000196586,1006,83.14049586776859,431,94.31072210065645,1301,98.71016691957512
IRAK1BP1,ENSG00000146243,730,60.33057851239669,236,51.64113785557986,814,61.76024279210925
HMGN3,ENSG00000118418,1184,97.85123966942149,395,86.43326039387308,1052,79.81790591805766
BCKDHB,ENSG00000083123,685,56.611570247933884,175,38.29321663019694,595,45.144157814871015
IBTK,ENSG00000005700,670,55.371900826446286,224,49.01531728665208,710,53.86949924127465
SNAP91,ENSG00000065609,638,52.72727272727272,302,66.08315098468272,1109,84.14264036418815
SNHG5,ENSG00000203875,1010,83.47107438016529,359,78.55579868708972,969,73.5204855842185
SMIM8,ENSG00000111850,677,55.950413223140494,247,54.04814004376368,841,63.80880121396054
RARS2,ENSG00000146282,763,63.057851239669425,260,56.89277899343544,824,62.51896813353566
ORC3,ENSG00000135336,666,55.04132231404959,169,36.98030634573304,662,50.22761760242792
AKIRIN2,ENSG00000135334,705,58.26446280991735,315,68.9277899343545,954,72.3823975720789
RNGTT,ENSG00000111880,862,71.2396694214876,329,71.99124726477024,977,74.12746585735962
PNRC1,ENSG00000146278,1011,83.55371900826447,375,82.05689277899344,938,71.16843702579666
LYRM2,ENSG00000083099,767,63.38842975206611,205,44.85776805251641,758,57.5113808801214
BACH2,ENSG00000112182,1160,95.86776859504133,421,92.12253829321662,1277,96.88922610015175
EPHA7,ENSG00000135333,825,68.18181818181817,235,51.42231947483589,1090,82.70106221547799
FUT9,ENSG00000172461,1091,90.16528925619835,313,68.49015317286651,890,67.52655538694992
UFL1,ENSG00000014123,710,58.67768595041323,173,37.85557986870897,501,38.01213960546283
MMS22L,ENSG00000146263,711,58.760330578512395,139,30.41575492341357,282,21.396054628224583
ENSG00000271860,ENSG00000271860,1037,85.70247933884298,250,54.70459518599562,213,16.160849772382395
PNISR,ENSG00000132424,1199,99.0909090909091,456,99.78118161925602,1294,98.17905918057663
CCNC,ENSG00000112237,757,62.56198347107438,264,57.76805251641138,833,63.20182094081942
ASCC3,ENSG00000112249,1009,83.38842975206612,331,72.42888402625822,943,71.54779969650986
CD24,ENSG00000272398,733,60.578512396694215,435,95.18599562363238,1305,99.01365705614568
PDSS2,ENSG00000164494,776,64.13223140495867,235,51.42231947483589,627,47.57207890743551
SEC63,ENSG00000025796,994,82.14876033057851,424,92.77899343544857,1178,89.37784522003035
SNX3,ENSG00000112335,1083,89.50413223140495,328,71.77242888402627,964,73.14112291350531
FOXO3,ENSG00000118689,716,59.17355371900827,262,57.330415754923415,860,65.25037936267071
CD164,ENSG00000135535,609,50.3305785123967,168,36.76148796498906,342,25.948406676783005
AMD1,ENSG00000123505,622,51.404958677685954,178,38.949671772428886,711,53.94537177541729
GTF3C6,ENSG00000155115,835,69.00826446280992,304,66.52078774617067,932,70.71320182094082
MFSD4B,ENSG00000173214,863,71.32231404958678,236,51.64113785557986,762,57.81487101669196
REV3L,ENSG00000009413,1188,98.18181818181819,428,93.6542669584245,1215,92.18512898330803
TRAF3IP2-AS1,ENSG00000231889,1027,84.87603305785125,300,65.64551422319475,1018,77.2382397572079
FYN,ENSG00000010810,1174,97.02479338842976,455,99.56236323851203,1311,99.46889226100151
MARCKS,ENSG00000277443,1210,100.0,457,100.0,1317,99.92412746585735
HDAC2,ENSG00000196591,1139,94.13223140495867,446,97.59299781181619,1307,99.16540212443095
RWDD1,ENSG00000111832,982,81.15702479338843,403,88.18380743982495,1162,88.1638846737481
KPNA5,ENSG00000196911,708,58.51239669421487,292,63.89496717724289,928,70.40971168437025
GOPC,ENSG00000047932,644,53.223140495867774,215,47.04595185995623,776,58.877086494688925
NUS1,ENSG00000153989,635,52.47933884297521,171,37.41794310722101,662,50.22761760242792
SLC35F1,ENSG00000196376,1182,97.68595041322314,269,58.86214442013129,672,50.986342943854325
CEP85L,ENSG00000111860,800,66.11570247933885,292,63.89496717724289,1138,86.34294385432474
TBC1D32,ENSG00000146350,669,55.289256198347104,274,59.95623632385121,898,68.13353566009106
HSF2,ENSG00000025156,615,50.82644628099173,237,51.85995623632385,758,57.5113808801214
SERINC1,ENSG00000111897,888,73.38842975206612,372,81.4004376367615,1229,93.247344461305
PKIB,ENSG00000135549,1023,84.54545454545455,336,73.52297592997812,1021,77.46585735963582
FABP7,ENSG00000164434,1140,94.21487603305785,213,46.608315098468275,469,35.58421851289833
HDDC2,ENSG00000111906,804,66.44628099173553,254,55.57986870897156,479,36.34294385432473
TRMT11,ENSG00000066651,793,65.53719008264463,259,56.67396061269147,798,60.54628224582701
ECHDC1,ENSG00000093144,859,70.99173553719008,266,58.20568927789934,827,62.74658573596358
PTPRK,ENSG00000152894,1114,92.06611570247934,329,71.99124726477024,948,71.92716236722306
RPS12,ENSG00000112306,1210,100.0,457,100.0,1318,100.0
HBS1L,ENSG00000112339,708,58.51239669421487,234,51.203501094091905,759,57.58725341426404
BCLAF1,ENSG00000029363,1068,88.26446280991735,393,85.99562363238512,1159,87.93626707132019
NHSL1,ENSG00000135540,866,71.5702479338843,341,74.61706783369803,1214,92.1092564491654
REPS1,ENSG00000135597,1017,84.04958677685951,310,67.83369803063457,893,67.75417298937785
ABRACL,ENSG00000146386,752,62.14876033057851,374,81.83807439824945,1240,94.08194233687405
VTA1,ENSG00000009844,775,64.0495867768595,281,61.48796498905909,792,60.09104704097117
AIG1,ENSG00000146416,759,62.727272727272734,140,30.63457330415755,696,52.80728376327769
PLAGL1,ENSG00000118495,705,58.26446280991735,94,20.568927789934357,260,19.726858877086496
SF3B5,ENSG00000169976,1040,85.9504132231405,385,84.24507658643327,1076,81.63884673748103
UTRN,ENSG00000152818,909,75.12396694214875,126,27.571115973741794,108,8.19423368740516
SHPRH,ENSG00000146414,812,67.10743801652893,266,58.20568927789934,872,66.1608497723824
TAB2,ENSG00000055208,860,71.07438016528926,270,59.08096280087527,902,68.43702579666162
PPIL4,ENSG00000131013,697,57.60330578512397,236,51.64113785557986,688,52.20030349013657
GINM1,ENSG00000055211,653,53.96694214876033,200,43.7636761487965,569,43.17147192716237
LATS1,ENSG00000131023,656,54.21487603305785,240,52.516411378555794,775,58.801213960546285
PCMT1,ENSG00000120265,870,71.900826446281,356,77.89934354485777,1141,86.57056145675266
PLEKHG1,ENSG00000120278,962,79.50413223140495,129,28.227571115973742,269,20.409711684370258
MTHFD1L,ENSG00000120254,863,71.32231404958678,126,27.571115973741794,280,21.2443095599393
AKAP12,ENSG00000131016,904,74.7107438016529,151,33.04157549234136,494,37.481031866464335
SCAF8,ENSG00000213079,951,78.59504132231405,344,75.27352297592998,1031,78.22458270106222
TIAM2,ENSG00000146426,810,66.94214876033058,320,70.02188183807439,1132,85.88770864946889
SNX9,ENSG00000130340,690,57.02479338842975,238,52.078774617067836,643,48.786039453717756
GTF2H5,ENSG00000272047,884,73.05785123966942,327,71.55361050328227,1070,81.18361153262519
TULP4,ENSG00000130338,814,67.27272727272727,353,77.24288840262582,1094,83.00455235204855
TMEM181,ENSG00000146433,607,50.16528925619834,258,56.455142231947484,703,53.338391502276174
DYNLT1,ENSG00000146425,1042,86.11570247933884,435,95.18599562363238,1259,95.52352048558423
EZR,ENSG00000092820,1026,84.79338842975207,417,91.2472647702407,1161,88.08801213960547
SOD2,ENSG00000291237,736,60.82644628099173,213,46.608315098468275,717,54.40060698027314
WTAP,ENSG00000146457,965,79.75206611570248,347,75.92997811816193,992,75.26555386949924
ACAT2,ENSG00000120437,733,60.578512396694215,236,51.64113785557986,859,65.17450682852808
TCP1,ENSG00000120438,992,81.98347107438016,413,90.37199124726477,1189,90.2124430955994
MRPL18,ENSG00000112110,743,61.40495867768595,203,44.42013129102845,717,54.40060698027314
IGF2R,ENSG00000197081,606,50.082644628099175,197,43.10722100656455,523,39.68133535660091
MAP3K4,ENSG00000085511,689,56.94214876033058,214,46.82713347921225,645,48.937784522003035
AGPAT4,ENSG00000026652,985,81.40495867768594,375,82.05689277899344,1068,81.03186646433991
QKI,ENSG00000112531,1209,99.91735537190083,386,84.46389496717724,1089,82.62518968133536
PDE10A,ENSG00000112541,1028,84.9586776859504,384,84.02625820568927,1145,86.87405159332322
AFDN,ENSG00000130396,1118,92.39669421487604,456,99.78118161925602,1314,99.69650986342944
FAM120B,ENSG00000112584,790,65.28925619834712,314,68.7089715536105,940,71.32018209408194
PSMB1,ENSG00000008018,1155,95.45454545454545,426,93.21663019693655,1227,93.09559939301973
C7orf50,ENSG00000146540,760,62.8099173553719,256,56.01750547045952,809,61.38088012139605
EIF3B,ENSG00000106263,776,64.13223140495867,234,51.203501094091905,710,53.86949924127465
TTYH3,ENSG00000136295,752,62.14876033057851,196,42.88840262582057,703,53.338391502276174
SDK1,ENSG00000146555,787,65.0413223140496,333,72.86652078774617,1145,86.87405159332322
FOXK1,ENSG00000164916,674,55.70247933884298,160,35.010940919037196,470,35.66009104704097
WIPI2,ENSG00000157954,692,57.190082644628106,219,47.921225382932164,632,47.95144157814871
TNRC18,ENSG00000182095,910,75.20661157024794,343,75.054704595186,1073,81.4112291350531
FSCN1,ENSG00000075618,854,70.57851239669421,351,76.80525164113786,1069,81.10773899848255
RNF216,ENSG00000011275,810,66.94214876033058,274,59.95623632385121,883,66.99544764795145
EIF2AK1,ENSG00000086232,715,59.09090909090909,248,54.26695842450766,761,57.73899848254932
KDELR2,ENSG00000136240,645,53.30578512396694,214,46.82713347921225,716,54.3247344461305
C1GALT1,ENSG00000106392,625,51.652892561983464,151,33.04157549234136,462,35.053110773899846
RPA3,ENSG00000106399,679,56.11570247933885,174,38.074398249452955,628,47.64795144157815
GLCCI1,ENSG00000106415,1173,96.94214876033058,416,91.02844638949672,1188,90.13657056145675
NDUFA4,ENSG00000189043,1206,99.6694214876033,456,99.78118161925602,1318,100.0
THSD7A,ENSG00000005108,668,55.20661157024793,302,66.08315098468272,1260,95.59939301972686
TMEM106B,ENSG00000106460,708,58.51239669421487,259,56.67396061269147,930,70.56145675265554
ETV1,ENSG00000006468,701,57.93388429752066,47,10.284463894967178,63,4.779969650986343
BZW2,ENSG00000136261,629,51.98347107438016,335,73.30415754923413,1215,92.18512898330803
SNX13,ENSG00000071189,788,65.12396694214875,235,51.42231947483589,706,53.566009104704094
HDAC9,ENSG00000048052,1192,98.51239669421487,431,94.31072210065645,923,70.03034901365706
ITGB8,ENSG00000105855,1116,92.23140495867769,350,76.58643326039387,1136,86.19119878603946
CDCA7L,ENSG00000164649,852,70.41322314049587,122,26.695842450765866,132,10.015174506828528
TOMM7,ENSG00000196683,1176,97.19008264462809,444,97.15536105032822,1299,98.55842185128984
KLHL7,ENSG00000122550,829,68.51239669421487,364,79.64989059080962,1122,85.12898330804249
MALSU1,ENSG00000156928,701,57.93388429752066,182,39.82494529540481,652,49.46889226100152
IGF2BP3,ENSG00000136231,1175,97.10743801652893,435,95.18599562363238,1211,91.88163884673747
TRA2A,ENSG00000164548,1114,92.06611570247934,419,91.68490153172867,1180,89.52959028831563
PALS2,ENSG00000105926,758,62.64462809917355,191,41.79431072210066,656,49.77238239757208
CYCS,ENSG00000172115,965,79.75206611570248,390,85.33916849015317,1226,93.01972685887708
HNRNPA2B1,ENSG00000122566,1208,99.83471074380165,456,99.78118161925602,1317,99.92412746585735
CBX3,ENSG00000122565,1155,95.45454545454545,441,96.49890590809628,1290,97.87556904400607
TAX1BP1,ENSG00000106052,942,77.85123966942149,326,71.33479212253829,1074,81.48710166919575
JAZF1,ENSG00000153814,719,59.42148760330579,176,38.51203501094092,749,56.828528072837635
CREB5,ENSG00000146592,1194,98.67768595041322,236,51.64113785557986,597,45.295902883156295
SCRN1,ENSG00000136193,959,79.25619834710744,292,63.89496717724289,913,69.27162367223065
GGCT,ENSG00000006625,744,61.48760330578512,151,33.04157549234136,598,45.371775417298934
GARS1,ENSG00000106105,734,60.66115702479339,265,57.98687089715536,843,63.96054628224582
LSM5,ENSG00000106355,948,78.34710743801652,338,73.96061269146608,999,75.79666160849773
AVL9,ENSG00000105778,644,53.223140495867774,262,57.330415754923415,906,68.74051593323217
NT5C3A,ENSG00000122643,738,60.99173553719008,241,52.735229759299784,877,66.5402124430956
BBS9,ENSG00000122507,814,67.27272727272727,283,61.925601750547045,996,75.5690440060698
SEPTIN7,ENSG00000122545,1203,99.42148760330578,445,97.3741794310722,1304,98.93778452200304
ELMO1,ENSG00000155849,614,50.743801652892564,80,17.505470459518598,281,21.320182094081943
STARD3NL,ENSG00000010270,681,56.28099173553719,286,62.58205689277899,882,66.9195751138088
VPS41,ENSG00000006715,698,57.68595041322314,243,53.17286652078774,833,63.20182094081942
MPLKIP,ENSG00000168303,727,60.08264462809917,241,52.735229759299784,699,53.03490136570561
PSMA2,ENSG00000106588,1093,90.3305785123967,408,89.27789934354486,1195,90.66767830045524
HECW1,ENSG00000002746,859,70.99173553719008,393,85.99562363238512,1286,97.57207890743551
COA1,ENSG00000106603,1107,91.48760330578513,396,86.65207877461707,1125,85.35660091047042
MRPS24,ENSG00000062582,965,79.75206611570248,346,75.71115973741794,1071,81.25948406676783
POLD2,ENSG00000106628,682,56.36363636363636,163,35.667396061269145,746,56.600910470409715
TMED4,ENSG00000158604,738,60.99173553719008,238,52.078774617067836,637,48.33080424886192
PPIA,ENSG00000196262,1207,99.75206611570248,456,99.78118161925602,1317,99.92412746585735
H2AZ2,ENSG00000105968,1034,85.45454545454545,351,76.80525164113786,962,72.98937784522003
SEC61G,ENSG00000132432,1167,96.44628099173553,446,97.59299781181619,1285,97.49620637329286
LANCL2,ENSG00000132434,659,54.46280991735537,192,42.01312910284464,560,42.4886191198786
VOPP1,ENSG00000154978,1004,82.97520661157026,351,76.80525164113786,978,74.20333839150227
NIPSNAP2,ENSG00000146729,896,74.0495867768595,270,59.08096280087527,710,53.86949924127465
CCT6A,ENSG00000146731,1106,91.40495867768595,415,90.80962800875274,1220,92.56449165402124
TPST1,ENSG00000169902,647,53.471074380165284,230,50.32822757111597,857,65.0227617602428
RABGEF1,ENSG00000154710,907,74.95867768595042,293,64.11378555798687,948,71.92716236722306
SBDS,ENSG00000126524,656,54.21487603305785,173,37.85557986870897,594,45.068285280728375
TYW1,ENSG00000198874,684,56.528925619834716,245,53.610503282275715,727,55.15933232169955
BAZ1B,ENSG00000009954,864,71.40495867768595,328,71.77242888402627,922,69.95447647951441
BUD23,ENSG00000071462,698,57.68595041322314,272,59.51859956236324,759,57.58725341426404
EIF4H,ENSG00000106682,907,74.95867768595042,310,67.83369803063457,870,66.00910470409713
GTF2IRD1,ENSG00000006704,656,54.21487603305785,260,56.89277899343544,900,68.28528072837634
HIP1,ENSG00000127946,667,55.12396694214876,277,60.61269146608315,954,72.3823975720789
MDH2,ENSG00000146701,1064,87.93388429752066,388,84.9015317286652,1150,87.25341426403642
HSPB1,ENSG00000106211,967,79.91735537190083,266,58.20568927789934,365,27.693474962063735
PTPN12,ENSG00000127947,930,76.85950413223141,388,84.9015317286652,1097,83.23216995447648
RSBN1L,ENSG00000187257,931,76.94214876033058,361,78.99343544857767,1146,86.94992412746586
PHTF2,ENSG00000006576,829,68.51239669421487,270,59.08096280087527,930,70.56145675265554
MAGI2,ENSG00000187391,1156,95.53719008264463,415,90.80962800875274,1179,89.45371775417298
SEMA3A,ENSG00000075213,779,64.3801652892562,200,43.7636761487965,937,71.09256449165402
DMTF1,ENSG00000135164,716,59.17355371900827,260,56.89277899343544,754,57.207890743550834
SRI,ENSG00000075142,1050,86.77685950413223,373,81.61925601750546,941,71.39605462822458
CDK14,ENSG00000058091,984,81.32231404958678,289,63.23851203501094,867,65.7814871016692
CYP51A1,ENSG00000001630,912,75.37190082644628,335,73.30415754923413,1050,79.66616084977238
KRIT1,ENSG00000001631,682,56.36363636363636,231,50.54704595185996,684,51.89681335356601
ANKIB1,ENSG00000001629,969,80.08264462809917,404,88.40262582056893,1173,88.99848254931715
GATAD1,ENSG00000157259,737,60.909090909090914,199,43.544857768052516,523,39.68133535660091
FAM133B,ENSG00000234545,1043,86.19834710743801,376,82.27571115973743,1109,84.14264036418815
CASD1,ENSG00000127995,706,58.34710743801653,203,44.42013129102845,616,46.737481031866466
SGCE,ENSG00000127990,783,64.7107438016529,242,52.95404814004377,739,56.06980273141124
PEG10,ENSG00000242265,1057,87.35537190082646,299,65.42669584245077,1131,85.81183611532626
PPP1R9A,ENSG00000158528,869,71.81818181818181,266,58.20568927789934,856,64.94688922610014
PON2,ENSG00000105854,894,73.88429752066116,77,16.849015317286653,14,1.062215477996965
SEM1,ENSG00000127922,1141,94.29752066115702,415,90.80962800875274,1168,88.61911987860395
ENSG00000284707,ENSG00000284707,875,72.31404958677686,324,70.89715536105032,1025,77.76934749620638
BRI3,ENSG00000164713,1105,91.32231404958677,403,88.18380743982495,1249,94.76479514415782
ARPC1A,ENSG00000241685,792,65.45454545454545,301,65.86433260393873,993,75.34142640364189
PDAP1,ENSG00000106244,1014,83.80165289256199,358,78.33698030634574,1084,82.24582701062215
BUD31,ENSG00000106245,879,72.64462809917356,282,61.70678336980306,934,70.8649468892261
ATP5MF,ENSG00000241468,1117,92.31404958677686,428,93.6542669584245,1231,93.39908952959028
ZKSCAN1,ENSG00000106261,936,77.35537190082644,375,82.05689277899344,1142,86.6464339908953
COPS6,ENSG00000168090,897,74.13223140495869,307,67.17724288840262,938,71.16843702579666
MCM7,ENSG00000166508,613,50.66115702479339,180,39.38730853391685,386,29.286798179059183
LAMTOR4,ENSG00000188186,851,70.33057851239668,280,61.2691466083151,795,60.31866464339909
AP1S1,ENSG00000106367,720,59.50413223140496,224,49.01531728665208,951,72.15477996965099
ZNHIT1,ENSG00000106400,815,67.35537190082644,295,64.55142231947484,955,72.45827010622155
FIS1,ENSG00000214253,983,81.2396694214876,341,74.61706783369803,1057,80.19726858877087
PRKRIP1,ENSG00000128563,744,61.48760330578512,251,54.92341356673961,785,59.55993930197268
POLR2J,ENSG00000005075,855,70.66115702479338,279,61.050328227571114,794,60.24279210925645
NAPEPLD,ENSG00000161048,664,54.87603305785124,70,15.317286652078774,249,18.89226100151745
PMPCB,ENSG00000105819,759,62.727272727272734,263,57.54923413566739,772,58.573596358118365
DNAJC2,ENSG00000105821,629,51.98347107438016,209,45.73304157549234,716,54.3247344461305
PSMC2,ENSG00000161057,657,54.29752066115703,207,45.29540481400438,734,55.69044006069803
SRPK2,ENSG00000135250,1146,94.7107438016529,422,92.34135667396062,1273,96.58573596358119
PUS7,ENSG00000091127,656,54.21487603305785,88,19.25601750547046,388,29.438543247344462
ATXN7L1,ENSG00000146776,672,55.53719008264463,266,58.20568927789934,921,69.87860394537178
HBP1,ENSG00000105856,719,59.42148760330579,213,46.608315098468275,547,41.502276176024274
COG5,ENSG00000164597,992,81.98347107438016,333,72.86652078774617,999,75.79666160849773
IFRD1,ENSG00000006652,697,57.60330578512397,243,53.17286652078774,914,69.3474962063733
SAMTOR,ENSG00000164603,682,56.36363636363636,267,58.42450765864332,807,61.229135053110774
SMIM30,ENSG00000214194,685,56.611570247933884,118,25.82056892778993,409,31.031866464339906
LSM8,ENSG00000128534,909,75.12396694214875,306,66.95842450765865,935,70.94081942336874
FAM3C,ENSG00000196937,692,57.190082644628106,212,46.389496717724285,851,64.56752655538695
PTPRZ1,ENSG00000106278,1204,99.50413223140497,444,97.15536105032822,1310,99.39301972685888
AASS,ENSG00000008311,687,56.776859504132226,184,40.26258205689278,437,33.15629742033384
WASL,ENSG00000106299,723,59.75206611570248,247,54.04814004376368,773,58.649468892261005
ARF5,ENSG00000004059,658,54.3801652892562,235,51.42231947483589,789,59.86342943854325
RBM28,ENSG00000106344,649,53.63636363636364,212,46.389496717724285,614,46.58573596358118
CALU,ENSG00000128595,1006,83.14049586776859,307,67.17724288840262,921,69.87860394537178
ATP6V1F,ENSG00000128524,1035,85.53719008264463,415,90.80962800875274,1237,93.85432473444612
AHCYL2,ENSG00000158467,899,74.29752066115702,286,62.58205689277899,917,69.57511380880122
NRF1,ENSG00000106459,631,52.14876033057851,225,49.23413566739606,677,51.365705614567524
KLHDC10,ENSG00000128607,641,52.97520661157024,242,52.95404814004377,864,65.55386949924127
MKLN1,ENSG00000128585,1108,91.5702479338843,408,89.27789934354486,1138,86.34294385432474
CHCHD3,ENSG00000106554,946,78.18181818181819,339,74.17943107221006,1032,78.30045523520485
EXOC4,ENSG00000131558,1143,94.46280991735537,436,95.40481400437638,1254,95.14415781487102
CALD1,ENSG00000122786,1125,92.97520661157024,333,72.86652078774617,984,74.65857359635811
CNOT4,ENSG00000080802,933,77.10743801652893,344,75.27352297592998,1038,78.7556904400607
STMP1,ENSG00000243317,912,75.37190082644628,345,75.49234135667396,1023,77.6176024279211
MTPN,ENSG00000105887,1071,88.51239669421489,405,88.62144420131291,1158,87.86039453717754
PTN,ENSG00000105894,1060,87.60330578512396,203,44.42013129102845,475,36.03945371775417
TRIM24,ENSG00000122779,1150,95.0413223140496,403,88.18380743982495,1174,89.07435508345979
KIAA1549,ENSG00000122778,639,52.80991735537191,243,53.17286652078774,842,63.88467374810318
LUC7L2,ENSG00000146963,1088,89.91735537190083,393,85.99562363238512,1133,85.96358118361154
HIPK2,ENSG00000064393,974,80.49586776859505,330,72.21006564551422,870,66.00910470409713
NDUFB2,ENSG00000090266,1095,90.49586776859503,396,86.65207877461707,1215,92.18512898330803
MRPS33,ENSG00000090263,608,50.247933884297524,188,41.13785557986871,583,44.23368740515933
TMEM178B,ENSG00000261115,1033,85.37190082644628,436,95.40481400437638,1284,97.42033383915023
DENND11,ENSG00000257093,721,59.586776859504134,156,34.13566739606127,623,47.268588770864945
SSBP1,ENSG00000106028,1117,92.31404958677686,421,92.12253829321662,1197,90.81942336874052
TCAF1,ENSG00000198420,952,78.67768595041322,407,89.05908096280088,1223,92.79210925644917
CUL1,ENSG00000055130,883,72.97520661157024,391,85.55798687089715,942,71.47192716236722
EZH2,ENSG00000106462,850,70.24793388429752,375,82.05689277899344,951,72.15477996965099
GALNT11,ENSG00000178234,863,71.32231404958678,251,54.92341356673961,923,70.03034901365706
ACTR3B,ENSG00000133627,793,65.53719008264463,144,31.50984682713348,434,32.92867981790592
RBM33,ENSG00000184863,931,76.94214876033058,352,77.02407002188184,1058,80.2731411229135
LMBR1,ENSG00000105983,739,61.074380165289256,264,57.76805251641138,843,63.96054628224582
DNAJB6,ENSG00000105993,1086,89.75206611570248,443,96.93654266958424,1284,97.42033383915023
DYNC2I1,ENSG00000126870,657,54.29752066115703,196,42.88840262582057,784,59.48406676783004
AGPAT5,ENSG00000155189,975,80.57851239669421,353,77.24288840262582,988,74.96206373292867
TNKS,ENSG00000173273,1093,90.3305785123967,406,88.8402625820569,1220,92.56449165402124
XKR6,ENSG00000171044,808,66.77685950413223,307,67.17724288840262,1092,82.85280728376327
FDFT1,ENSG00000079459,1003,82.89256198347107,389,85.12035010940919,1168,88.61911987860395
ENSG00000283674,ENSG00000283674,789,65.20661157024793,249,54.48577680525164,691,52.42792109256449
TUSC3,ENSG00000104723,945,78.099173553719,285,62.36323851203501,1071,81.25948406676783
CNOT7,ENSG00000198791,935,77.27272727272727,300,65.64551422319475,996,75.5690440060698
XPO7,ENSG00000130227,609,50.3305785123967,221,48.35886214442014,702,53.262518968133534
TNFRSF10B,ENSG00000120889,726,60.0,103,22.538293216630198,345,26.176024279210925
PPP2R2A,ENSG00000221914,933,77.10743801652893,345,75.49234135667396,1012,76.78300455235205
BNIP3L,ENSG00000104765,1179,97.43801652892562,450,98.46827133479212,1281,97.1927162367223
STMN4,ENSG00000015592,712,58.84297520661157,247,54.04814004376368,1185,89.90895295902884
CLU,ENSG00000120885,1052,86.94214876033057,141,30.85339168490153,208,15.781487101669194
CCDC25,ENSG00000147419,786,64.95867768595042,219,47.921225382932164,668,50.682852807283766
FZD3,ENSG00000104290,1137,93.96694214876034,433,94.74835886214443,1133,85.96358118361154
EXTL3,ENSG00000012232,615,50.82644628099173,164,35.886214442013134,553,41.95751138088012
HMBOX1,ENSG00000147421,747,61.735537190082646,274,59.95623632385121,871,66.08497723823976
SARAF,ENSG00000133872,1085,89.6694214876033,418,91.46608315098467,1235,93.70257966616084
LEPROTL1,ENSG00000104660,650,53.71900826446281,249,54.48577680525164,769,58.34597875569044
PPP2CB,ENSG00000104695,934,77.1900826446281,321,70.24070021881839,1015,77.01062215477997
WRN,ENSG00000165392,929,76.77685950413223,278,60.83150984682714,693,52.57966616084977
NRG1,ENSG00000157168,665,54.958677685950406,193,42.23194748358862,950,72.07890743550834
EIF4EBP1,ENSG00000187840,738,60.99173553719008,291,63.67614879649891,1020,77.38998482549317
NSD3,ENSG00000147548,1127,93.14049586776859,440,96.2800875273523,1284,97.42033383915023
ADAM9,ENSG00000168615,700,57.85123966942148,139,30.41575492341357,415,31.48710166919575
TCIM,ENSG00000176907,754,62.314049586776854,26,5.689277899343545,5,0.37936267071320184
SFRP1,ENSG00000104332,1194,98.67768595041322,405,88.62144420131291,1062,80.57663125948406
GOLGA7,ENSG00000147533,692,57.190082644628106,232,50.76586433260394,791,60.01517450682853
VDAC3,ENSG00000078668,942,77.85123966942149,383,83.80743982494529,1195,90.66767830045524
HOOK3,ENSG00000168172,839,69.33884297520662,344,75.27352297592998,1052,79.81790591805766
FNTA,ENSG00000168522,769,63.553719008264466,225,49.23413566739606,759,57.58725341426404
SPIDR,ENSG00000164808,868,71.73553719008264,248,54.26695842450766,812,61.60849772382397
UBE2V2,ENSG00000169139,1029,85.04132231404958,367,80.30634573304157,1141,86.57056145675266
PCMTD1,ENSG00000168300,757,62.56198347107438,363,79.43107221006565,1045,79.28679817905918
RB1CC1,ENSG00000023287,1030,85.12396694214877,423,92.5601750547046,1230,93.32321699544764
TCEA1,ENSG00000187735,1080,89.25619834710744,377,82.4945295404814,1021,77.46585735963582
LYPLA1,ENSG00000120992,759,62.727272727272734,295,64.55142231947484,821,62.29135053110774
TGS1,ENSG00000137574,623,51.48760330578512,201,43.98249452954048,672,50.986342943854325
RPS20,ENSG00000008988,1210,100.0,457,100.0,1318,100.0
PLAG1,ENSG00000181690,638,52.72727272727272,126,27.571115973741794,365,27.693474962063735
FAM110B,ENSG00000169122,661,54.62809917355372,269,58.86214442013129,896,67.98179059180576
SDCBP,ENSG00000137575,961,79.42148760330579,279,61.050328227571114,890,67.52655538694992
TOX,ENSG00000198846,699,57.768595041322314,35,7.658643326039387,90,6.828528072837632
CLVS1,ENSG00000177182,727,60.08264462809917,345,75.49234135667396,942,71.47192716236722
ASPH,ENSG00000198363,1008,83.30578512396694,302,66.08315098468272,831,63.05007587253414
NKAIN3,ENSG00000185942,1180,97.52066115702479,397,86.87089715536105,1055,80.04552352048559
GGH,ENSG00000137563,611,50.49586776859504,169,36.98030634573304,667,50.60698027314112
YTHDF3,ENSG00000185728,757,62.56198347107438,276,60.393873085339166,817,61.98786039453717
ARMC1,ENSG00000104442,670,55.371900826446286,240,52.516411378555794,901,68.36115326251897
PDE7A,ENSG00000205268,851,70.33057851239668,357,78.11816192560175,1070,81.18361153262519
SNHG6,ENSG00000245910,1208,99.83471074380165,453,99.12472647702407,1294,98.17905918057663
COPS5,ENSG00000121022,632,52.231404958677686,200,43.7636761487965,715,54.24886191198786
CSPP1,ENSG00000104218,624,51.570247933884296,193,42.23194748358862,820,62.2154779969651
ARFGEF1,ENSG00000066777,1000,82.64462809917356,364,79.64989059080962,1012,76.78300455235205
PREX2,ENSG00000046889,1002,82.8099173553719,76,16.630196936542667,123,9.332321699544764
SLCO5A1,ENSG00000137571,1066,88.09917355371901,452,98.90590809628009,1165,88.39150227617603
NCOA2,ENSG00000140396,1040,85.9504132231405,382,83.58862144420132,1154,87.55690440060698
TERF1,ENSG00000147601,784,64.79338842975207,270,59.08096280087527,876,66.46433990895297
RPL7,ENSG00000147604,1210,100.0,457,100.0,1318,100.0
STAU2,ENSG00000040341,1029,85.04132231404958,389,85.12035010940919,1228,93.17147192716236
UBE2W,ENSG00000104343,801,66.19834710743801,319,69.80306345733041,912,69.19575113808801
ELOC,ENSG00000154582,1004,82.97520661157026,393,85.99562363238512,1179,89.45371775417298
JPH1,ENSG00000104369,661,54.62809917355372,115,25.164113785557984,305,23.14112291350531
PKIA,ENSG00000171033,841,69.50413223140495,353,77.24288840262582,1163,88.23975720789075
ZC2HC1A,ENSG00000104427,726,60.0,308,67.39606126914661,1042,79.05918057663126
HEY1,ENSG00000164683,895,73.96694214876032,120,26.258205689277897,483,36.6464339908953
MRPS28,ENSG00000147586,845,69.83471074380165,238,52.078774617067836,793,60.16691957511381
ZNF704,ENSG00000164684,946,78.18181818181819,328,71.77242888402627,948,71.92716236722306
PAG1,ENSG00000076641,882,72.89256198347107,148,32.38512035010941,700,53.110773899848255
E2F5,ENSG00000133740,717,59.256198347107436,172,37.63676148796499,508,38.54324734446131
RBIS,ENSG00000176731,1032,85.2892561983471,350,76.58643326039387,996,75.5690440060698
CPNE3,ENSG00000085719,997,82.39669421487604,357,78.11816192560175,1064,80.72837632776935
MMP16,ENSG00000156103,840,69.42148760330579,362,79.21225382932167,1152,87.4051593323217
OTUD6B-AS1,ENSG00000253738,625,51.652892561983464,240,52.516411378555794,778,59.028831562974204
CIBAR1,ENSG00000188343,824,68.09917355371901,243,53.17286652078774,648,49.165402124430955
VIRMA,ENSG00000164944,758,62.64462809917355,242,52.95404814004377,783,59.408194233687404
NDUFAF6,ENSG00000156170,738,60.99173553719008,267,58.42450765864332,788,59.78755690440061
UQCRB,ENSG00000156467,1198,99.00826446280992,453,99.12472647702407,1306,99.08952959028832
MTDH,ENSG00000147649,1120,92.56198347107438,439,96.06126914660832,1270,96.35811836115326
LAPTM4B,ENSG00000104341,1072,88.59504132231405,356,77.89934354485777,980,74.35508345978755
RPL30,ENSG00000156482,1210,100.0,457,100.0,1318,100.0
STK3,ENSG00000104375,935,77.27272727272727,119,26.039387308533918,23,1.7450682852807284
COX6C,ENSG00000164919,1194,98.67768595041322,446,97.59299781181619,1305,99.01365705614568
POLR2K,ENSG00000147669,815,67.35537190082644,288,63.01969365426696,936,71.01669195751138
ZNF706,ENSG00000120963,998,82.47933884297521,390,85.33916849015317,1054,79.96965098634294
NCALD,ENSG00000104490,988,81.65289256198346,150,32.822757111597376,541,41.047040971168435
AZIN1,ENSG00000155096,708,58.51239669421487,224,49.01531728665208,846,64.18816388467374
DCAF13,ENSG00000164934,745,61.57024793388429,203,44.42013129102845,698,52.95902883156297
ZFPM2,ENSG00000169946,1080,89.25619834710744,422,92.34135667396062,1178,89.37784522003035
ZFPM2-AS1,ENSG00000251003,612,50.57851239669422,316,69.14660831509846,883,66.99544764795145
OXR1,ENSG00000164830,713,58.925619834710744,210,45.951859956236326,717,54.40060698027314
EIF3E,ENSG00000104408,1204,99.50413223140497,447,97.81181619256017,1280,97.11684370257967
ENY2,ENSG00000120533,1038,85.78512396694215,403,88.18380743982495,1062,80.57663125948406
TRPS1,ENSG00000104447,936,77.35537190082644,238,52.078774617067836,598,45.371775417298934
EIF3H,ENSG00000147677,1173,96.94214876033058,445,97.3741794310722,1271,96.4339908952959
TAF2,ENSG00000064313,695,57.438016528925615,220,48.14004376367615,769,58.34597875569044
MRPL13,ENSG00000172172,718,59.33884297520661,217,47.4835886214442,674,51.138088012139605
TMEM65,ENSG00000164983,664,54.87603305785124,121,26.477024070021884,513,38.922610015174506
TATDN1,ENSG00000147687,710,58.67768595041323,244,53.39168490153173,752,57.056145675265554
NDUFB9,ENSG00000147684,976,80.66115702479338,380,83.15098468271334,1196,90.74355083459787
SQLE,ENSG00000104549,870,71.900826446281,302,66.08315098468272,1036,78.60394537177542
NSMCE2,ENSG00000156831,967,79.91735537190083,339,74.17943107221006,911,69.11987860394537
PVT1,ENSG00000249859,986,81.48760330578513,217,47.4835886214442,505,38.31562974203339
CYRIB,ENSG00000153310,876,72.39669421487604,371,81.1816192560175,1154,87.55690440060698
ASAP1,ENSG00000153317,1094,90.41322314049587,355,77.68052516411379,949,72.00303490136571
PHF20L1,ENSG00000129292,820,67.76859504132231,319,69.80306345733041,1131,85.81183611532626
PTK2,ENSG00000169398,1180,97.52066115702479,445,97.3741794310722,1295,98.25493171471928
LY6H,ENSG00000176956,684,56.528925619834716,116,25.38293216630197,917,69.57511380880122
EEF1D,ENSG00000104529,1190,98.34710743801654,418,91.46608315098467,1106,83.91502276176024
CYC1,ENSG00000179091,781,64.54545454545455,234,51.203501094091905,776,58.877086494688925
VPS28,ENSG00000160948,951,78.59504132231405,370,80.96280087527352,1143,86.72230652503794
RPL8,ENSG00000161016,1210,100.0,457,100.0,1317,99.92412746585735
C8orf33,ENSG00000182307,685,56.611570247933884,201,43.98249452954048,679,51.517450682852804
PUM3,ENSG00000080608,732,60.49586776859505,245,53.610503282275715,815,61.83611532625189
AK3,ENSG00000147853,712,58.84297520661157,263,57.54923413566739,772,58.573596358118365
RIC1,ENSG00000107036,752,62.14876033057851,158,34.57330415754923,537,40.743550834597876
BRD10,ENSG00000183354,767,63.38842975206611,294,64.33260393873084,1014,76.93474962063733
UHRF2,ENSG00000147854,685,56.611570247933884,226,49.45295404814004,741,56.221547799696516
MPDZ,ENSG00000107186,986,81.48760330578513,291,63.67614879649891,844,64.03641881638846
ZDHHC21,ENSG00000175893,707,58.429752066115704,241,52.735229759299784,681,51.66919575113808
SNAPC3,ENSG00000164975,693,57.27272727272727,311,68.05251641137856,964,73.14112291350531
PSIP1,ENSG00000164985,1174,97.02479338842976,440,96.2800875273523,1272,96.50986342943855
CCDC171,ENSG00000164989,643,53.1404958677686,150,32.822757111597376,755,57.28376327769348
CNTLN,ENSG00000044459,960,79.33884297520662,289,63.23851203501094,584,44.30955993930198
DENND4C,ENSG00000137145,854,70.57851239669421,295,64.55142231947484,944,71.6236722306525
RPS6,ENSG00000137154,1210,100.0,457,100.0,1318,100.0
MLLT3,ENSG00000171843,918,75.86776859504131,369,80.74398249452955,1257,95.37177541729895
FOCAD,ENSG00000188352,765,63.22314049586777,301,65.86433260393873,931,70.63732928679818
MTAP,ENSG00000099810,794,65.6198347107438,261,57.11159737417943,487,36.949924127465856
CAAP1,ENSG00000120159,673,55.619834710743795,181,39.606126914660834,540,40.971168437025796
MOB3B,ENSG00000120162,947,78.26446280991736,160,35.010940919037196,120,9.104704097116842
C9orf72,ENSG00000147894,693,57.27272727272727,171,37.41794310722101,642,48.710166919575116
NDUFB6,ENSG00000165264,883,72.97520661157024,326,71.33479212253829,1015,77.01062215477997
APTX,ENSG00000137074,681,56.28099173553719,182,39.82494529540481,719,54.55235204855842
DNAJA1,ENSG00000086061,1147,94.79338842975207,450,98.46827133479212,1306,99.08952959028832
SMU1,ENSG00000122692,665,54.958677685950406,191,41.79431072210066,652,49.46889226100152
BAG1,ENSG00000107262,634,52.396694214876035,204,44.63894967177243,634,48.10318664643399
CHMP5,ENSG00000086065,865,71.48760330578511,361,78.99343544857767,1108,84.06676783004552
NFX1,ENSG00000086102,706,58.34710743801653,201,43.98249452954048,678,51.441578148710164
UBE2R2,ENSG00000107341,1090,90.08264462809917,422,92.34135667396062,1229,93.247344461305
UBAP2,ENSG00000137073,681,56.28099173553719,269,58.86214442013129,822,62.36722306525038
UBAP1,ENSG00000165006,715,59.09090909090909,184,40.26258205689278,712,54.02124430955993
FAM219A,ENSG00000164970,752,62.14876033057851,199,43.544857768052516,683,51.82094081942337
CNTFR,ENSG00000122756,808,66.77685950413223,225,49.23413566739606,549,41.65402124430956
DCTN3,ENSG00000137100,820,67.76859504132231,331,72.42888402625822,1188,90.13657056145675
STOML2,ENSG00000165283,761,62.892561983471076,215,47.04595185995623,729,55.31107738998483
CLTA,ENSG00000122705,1147,94.79338842975207,424,92.77899343544857,1253,95.06828528072838
ZCCHC7,ENSG00000147905,1017,84.04958677685951,369,80.74398249452955,1031,78.22458270106222
GRHPR,ENSG00000137106,812,67.10743801652893,226,49.45295404814004,643,48.786039453717756
TOMM5,ENSG00000175768,997,82.39669421487604,322,70.45951859956236,952,72.23065250379362
DCAF10,ENSG00000122741,792,65.45454545454545,273,59.73741794310722,935,70.94081942336874
PTAR1,ENSG00000188647,730,60.33057851239669,196,42.88840262582057,623,47.268588770864945
SMC5,ENSG00000198887,975,80.57851239669421,251,54.92341356673961,777,58.952959028831565
CEMIP2,ENSG00000135048,798,65.95041322314049,225,49.23413566739606,538,40.819423368740516
ABHD17B,ENSG00000107362,667,55.12396694214876,284,62.144420131291035,709,53.79362670713201
ZFAND5,ENSG00000107372,986,81.48760330578513,353,77.24288840262582,1033,78.3763277693475
VPS13A,ENSG00000197969,680,56.19834710743802,228,49.89059080962801,730,55.38694992412747
GNAQ,ENSG00000156052,1116,92.23140495867769,433,94.74835886214443,1267,96.13050075872535
PSAT1,ENSG00000135069,876,72.39669421487604,148,32.38512035010941,380,28.83156297420334
TLE4,ENSG00000106829,954,78.84297520661157,215,47.04595185995623,734,55.69044006069803
TLE1,ENSG00000196781,996,82.31404958677686,317,69.36542669584244,1063,80.6525037936267
UBQLN1,ENSG00000135018,827,68.34710743801654,369,80.74398249452955,1083,82.16995447647952
AGTPBP1,ENSG00000135049,808,66.77685950413223,341,74.61706783369803,1034,78.45220030349014
NAA35,ENSG00000135040,725,59.917355371900825,225,49.23413566739606,741,56.221547799696516
GOLM1,ENSG00000135052,1093,90.3305785123967,349,76.36761487964989,993,75.34142640364189
ISCA1,ENSG00000135070,734,60.66115702479339,257,56.236323851203494,839,63.65705614567526
GAS1,ENSG00000180447,769,63.553719008264466,115,25.164113785557984,71,5.3869499241274665
DAPK1,ENSG00000196730,668,55.20661157024793,294,64.33260393873084,1010,76.63125948406677
SPIN1,ENSG00000106723,1033,85.37190082644628,405,88.62144420131291,1250,94.84066767830045
SHC3,ENSG00000148082,688,56.85950413223141,66,14.442013129102845,785,59.55993930197268
CKS2,ENSG00000123975,681,56.28099173553719,160,35.010940919037196,503,38.16388467374811
SECISBP2,ENSG00000187742,1017,84.04958677685951,399,87.30853391684902,1225,92.94385432473445
SPTLC1,ENSG00000090054,670,55.371900826446286,217,47.4835886214442,691,52.42792109256449
IARS1,ENSG00000196305,836,69.0909090909091,238,52.078774617067836,714,54.17298937784521
WNK2,ENSG00000165238,650,53.71900826446281,348,76.14879649890591,1009,76.55538694992413
AOPEP,ENSG00000148120,775,64.0495867768595,293,64.11378555798687,902,68.43702579666162
ERCC6L2,ENSG00000182150,767,63.38842975206611,251,54.92341356673961,828,62.82245827010622
CDC14B,ENSG00000081377,624,51.570247933884296,163,35.667396061269145,524,39.75720789074355
MFSD14CP,ENSG00000196312,843,69.66942148760332,268,58.64332603938731,897,68.05766312594841
TSTD2,ENSG00000136925,637,52.64462809917355,246,53.82932166301969,818,62.06373292867981
XPA,ENSG00000136936,698,57.68595041322314,230,50.32822757111597,701,53.186646433990894
ANP32B,ENSG00000136938,840,69.42148760330579,319,69.80306345733041,942,71.47192716236722
TGFBR1,ENSG00000106799,614,50.743801652892564,288,63.01969365426696,698,52.95902883156297
SEC61B,ENSG00000106803,1118,92.39669421487604,441,96.49890590809628,1279,97.04097116843703
INVS,ENSG00000119509,840,69.42148760330579,303,66.3019693654267,849,64.41578148710167
TMEFF1,ENSG00000241697,758,62.64462809917355,416,91.02844638949672,1263,95.82701062215479
PLPPR1,ENSG00000148123,666,55.04132231404959,395,86.43326039387308,1228,93.17147192716236
FSD1L,ENSG00000106701,768,63.47107438016529,290,63.45733041575492,962,72.98937784522003
RAD23B,ENSG00000119318,1041,86.03305785123968,401,87.74617067833698,1053,79.89377845220031
CTNNAL1,ENSG00000119326,669,55.289256198347104,117,25.601750547045953,101,7.663125948406677
TMEM245,ENSG00000106771,714,59.008264462809926,217,47.4835886214442,711,53.94537177541729
TXN,ENSG00000136810,1142,94.3801652892562,430,94.09190371991247,1269,96.28224582701063
GNG10,ENSG00000242616,753,62.231404958677686,256,56.01750547045952,716,54.3247344461305
HSDL2,ENSG00000119471,655,54.132231404958674,130,28.44638949671772,259,19.650986342943856
KIAA1958,ENSG00000165185,892,73.71900826446281,347,75.92997811816193,558,42.33687405159332
POLE3,ENSG00000148229,634,52.396694214876035,146,31.947483588621445,654,49.6206373292868
ZNF618,ENSG00000157657,729,60.247933884297524,276,60.393873085339166,582,44.15781487101669
ATP6V1G1,ENSG00000136888,1167,96.44628099173553,444,97.15536105032822,1284,97.42033383915023
MEGF9,ENSG00000106780,656,54.21487603305785,362,79.21225382932167,1096,83.15629742033383
PSMD5,ENSG00000095261,649,53.63636363636364,225,49.23413566739606,655,49.69650986342944
RAB14,ENSG00000119396,889,73.47107438016529,338,73.96061269146608,1087,82.47344461305008
NDUFA8,ENSG00000119421,676,55.867768595041326,249,54.48577680525164,908,68.89226100151745
RC3H2,ENSG00000056586,673,55.619834710743795,252,55.14223194748359,776,58.877086494688925
RABGAP1,ENSG00000011454,1049,86.69421487603306,390,85.33916849015317,1211,91.88163884673747
STRBP,ENSG00000165209,821,67.85123966942149,370,80.96280087527352,1152,87.4051593323217
DENND1A,ENSG00000119522,1141,94.29752066115702,405,88.62144420131291,1054,79.96965098634294
PSMB7,ENSG00000136930,1084,89.58677685950414,424,92.77899343544857,1222,92.71623672230652
NR6A1,ENSG00000148200,652,53.884297520661164,154,33.69803063457331,585,44.38543247344462
MIR181A2HG,ENSG00000224020,716,59.17355371900827,116,25.38293216630197,395,29.969650986342945
RPL35,ENSG00000136942,1210,100.0,457,100.0,1318,100.0
SCAI,ENSG00000173611,660,54.54545454545454,224,49.01531728665208,763,57.8907435508346
HSPA5,ENSG00000044574,848,70.08264462809917,311,68.05251641137856,878,66.61608497723824
GAPVD1,ENSG00000165219,634,52.396694214876035,237,51.85995623632385,768,58.2701062215478
MAPKAP1,ENSG00000119487,682,56.36363636363636,259,56.67396061269147,795,60.31866464339909
PBX3,ENSG00000167081,722,59.6694214876033,150,32.822757111597376,175,13.277693474962064
RPL12,ENSG00000197958,1210,100.0,457,100.0,1317,99.92412746585735
BBLN,ENSG00000171159,899,74.29752066115702,359,78.55579868708972,1194,90.59180576631259
FNBP1,ENSG00000187239,617,50.99173553719009,283,61.925601750547045,963,73.06525037936267
FUBP3,ENSG00000107164,642,53.05785123966942,196,42.88840262582057,677,51.365705614567524
ABL1,ENSG00000097007,630,52.066115702479344,279,61.050328227571114,680,51.593323216995444
NUP214,ENSG00000126883,728,60.16528925619835,189,41.35667396061269,600,45.52352048558422
PRRC2B,ENSG00000288701,1092,90.24793388429751,429,93.8730853391685,1257,95.37177541729895
SETX,ENSG00000107290,607,50.16528925619834,234,51.203501094091905,650,49.317147192716234
RPL7A,ENSG00000148303,1210,100.0,457,100.0,1318,100.0
BRD3,ENSG00000169925,631,52.14876033057851,306,66.95842450765865,970,73.59635811836115
SNHG7,ENSG00000233016,861,71.15702479338843,258,56.455142231947484,821,62.29135053110774
RABL6,ENSG00000196642,670,55.371900826446286,249,54.48577680525164,791,60.01517450682853
PHPT1,ENSG00000054148,1176,97.19008264462809,403,88.18380743982495,1180,89.52959028831563
EDF1,ENSG00000107223,1170,96.69421487603306,444,97.15536105032822,1261,95.67526555386951
SSNA1,ENSG00000176101,616,50.90909090909091,223,48.796498905908095,710,53.86949924127465
TUBB4B,ENSG00000188229,737,60.909090909090914,239,52.29759299781181,1051,79.74203338391503
MRPL41,ENSG00000182154,793,65.53719008264463,312,68.27133479212254,1012,76.78300455235205
LARP4B,ENSG00000107929,691,57.107438016528924,239,52.29759299781181,752,57.056145675265554
IDI1,ENSG00000067064,929,76.77685950413223,333,72.86652078774617,1064,80.72837632776935
KLF6,ENSG00000067082,652,53.884297520661164,91,19.912472647702405,429,32.54931714719272
TASOR2,ENSG00000108021,664,54.87603305785124,209,45.73304157549234,750,56.904400606980275
GDI2,ENSG00000057608,1048,86.61157024793388,405,88.62144420131291,1089,82.62518968133536
RBM17,ENSG00000134453,841,69.50413223140495,286,62.58205689277899,850,64.4916540212443
ATP5F1C,ENSG00000165629,1120,92.56198347107438,425,92.99781181619255,1238,93.93019726858877
USP6NL,ENSG00000148429,620,51.2396694214876,209,45.73304157549234,608,46.13050075872534
NUDT5,ENSG00000165609,875,72.31404958677686,277,60.61269146608315,731,55.46282245827011
CDC123,ENSG00000151465,782,64.62809917355372,253,55.36105032822757,830,62.9742033383915
CAMK1D,ENSG00000183049,994,82.14876033057851,376,82.27571115973743,1233,93.55083459787556
SEPHS1,ENSG00000086475,644,53.223140495867774,230,50.32822757111597,629,47.72382397572079
FRMD4A,ENSG00000151474,994,82.14876033057851,430,94.09190371991247,1165,88.39150227617603
FAM107B,ENSG00000065809,628,51.90082644628099,295,64.55142231947484,1046,79.36267071320182
FAM171A1,ENSG00000148468,823,68.01652892561984,327,71.55361050328227,1033,78.3763277693475
TRDMT1,ENSG00000107614,718,59.33884297520661,108,23.63238512035011,530,40.21244309559939
VIM,ENSG00000026025,1210,100.0,339,74.17943107221006,918,69.65098634294385
NSUN6,ENSG00000241058,737,60.909090909090914,254,55.57986870897156,848,64.33990895295902
MLLT10,ENSG00000078403,1002,82.8099173553719,354,77.4617067833698,1017,77.16236722306526
DNAJC1,ENSG00000136770,1132,93.55371900826445,283,61.925601750547045,827,62.74658573596358
MSRB2,ENSG00000148450,629,51.98347107438016,220,48.14004376367615,604,45.82701062215478
KIAA1217,ENSG00000120549,1118,92.39669421487604,140,30.63457330415755,106,8.042488619119878
ARHGAP21,ENSG00000107863,1166,96.36363636363636,434,94.9671772428884,1296,98.33080424886191
ANKRD26,ENSG00000107890,761,62.892561983471076,258,56.455142231947484,810,61.45675265553869
YME1L1,ENSG00000136758,969,80.08264462809917,360,78.7746170678337,1051,79.74203338391503
RAB18,ENSG00000099246,762,62.97520661157024,311,68.05251641137856,922,69.95447647951441
SVIL,ENSG00000197321,1092,90.24793388429751,406,88.8402625820569,969,73.5204855842185
ZNF438,ENSG00000183621,662,54.710743801652896,151,33.04157549234136,497,37.70864946889226
ZEB1,ENSG00000148516,1132,93.55371900826445,404,88.40262582056893,786,59.63581183611532
ARHGAP12,ENSG00000165322,806,66.61157024793388,222,48.57768052516411,605,45.90288315629742
KIF5B,ENSG00000170759,1153,95.2892561983471,443,96.93654266958424,1282,97.26858877086495
EPC1,ENSG00000120616,1073,88.67768595041322,427,93.43544857768052,1245,94.46130500758724
PARD3,ENSG00000148498,1142,94.3801652892562,342,74.83588621444201,325,24.658573596358117
CREM,ENSG00000095794,699,57.768595041322314,181,39.606126914660834,489,37.101669195751136
CCNY,ENSG00000108100,1138,94.04958677685951,425,92.99781181619255,1231,93.39908952959028
FZD8,ENSG00000177283,857,70.82644628099175,32,7.00218818380744,49,3.7177541729893777
ZNF33A,ENSG00000189180,682,56.36363636363636,297,64.98905908096279,1016,77.08649468892261
ZNF37A,ENSG00000075407,740,61.15702479338842,231,50.54704595185996,717,54.40060698027314
ZNF22,ENSG00000165512,993,82.06611570247934,327,71.55361050328227,950,72.07890743550834
MAPK8,ENSG00000107643,1085,89.6694214876033,447,97.81181619256017,1305,99.01365705614568
PARG,ENSG00000227345,698,57.68595041322314,247,54.04814004376368,748,56.752655538694995
PRKG1,ENSG00000185532,981,81.07438016528926,100,21.88183807439825,194,14.719271623672231
CISD1,ENSG00000122873,823,68.01652892561984,275,60.17505470459519,910,69.04400606980273
TFAM,ENSG00000108064,760,62.8099173553719,241,52.735229759299784,724,54.93171471927162
BICC1,ENSG00000122870,682,56.36363636363636,114,24.945295404814004,313,23.748103186646432
ARID5B,ENSG00000150347,804,66.44628099173553,197,43.10722100656455,418,31.71471927162367
LRRTM3,ENSG00000198739,622,51.404958677685954,10,2.1881838074398248,43,3.2625189681335356
HERC4,ENSG00000148634,842,69.58677685950413,276,60.393873085339166,859,65.17450682852808
HNRNPH3,ENSG00000096746,1165,96.28099173553719,450,98.46827133479212,1261,95.67526555386951
RUFY2,ENSG00000204130,627,51.81818181818182,268,58.64332603938731,1021,77.46585735963582
TET1,ENSG00000138336,1047,86.52892561983471,361,78.99343544857767,761,57.73899848254932
CCAR1,ENSG00000060339,882,72.89256198347107,371,81.1816192560175,993,75.34142640364189
DDX50,ENSG00000107625,844,69.75206611570248,262,57.330415754923415,817,61.98786039453717
DDX21,ENSG00000165732,835,69.00826446280992,291,63.67614879649891,945,71.69954476479515
VPS26A,ENSG00000122958,694,57.35537190082645,282,61.70678336980306,820,62.2154779969651
HK1,ENSG00000156515,744,61.48760330578512,217,47.4835886214442,847,64.26403641881639
MACROH2A2,ENSG00000099284,816,67.43801652892562,336,73.52297592997812,933,70.78907435508346
PPA1,ENSG00000180817,1194,98.67768595041322,449,98.24945295404814,1297,98.40667678300456
EIF4EBP2,ENSG00000148730,641,52.97520661157024,244,53.39168490153173,760,57.66312594840668
CDH23,ENSG00000107736,894,73.88429752066116,208,45.51422319474836,395,29.969650986342945
PSAP,ENSG00000197746,920,76.03305785123968,327,71.55361050328227,983,74.58270106221548
ANAPC16,ENSG00000166295,1018,84.13223140495867,341,74.61706783369803,1026,77.84522003034901
DDIT4,ENSG00000168209,856,70.74380165289256,329,71.99124726477024,803,60.925644916540215
MICU1,ENSG00000107745,883,72.97520661157024,303,66.3019693654267,979,74.27921092564492
P4HA1,ENSG00000122884,1017,84.04958677685951,267,58.42450765864332,649,49.241274658573595
DNAJC9,ENSG00000213551,642,53.05785123966942,146,31.947483588621445,493,37.405159332321695
MRPS16,ENSG00000182180,650,53.71900826446281,212,46.389496717724285,688,52.20030349013657
PPP3CB,ENSG00000107758,852,70.41322314049587,331,72.42888402625822,1043,79.1350531107739
CHCHD1,ENSG00000172586,733,60.578512396694215,259,56.67396061269147,851,64.56752655538695
VCL,ENSG00000035403,838,69.25619834710743,154,33.69803063457331,648,49.165402124430955
VDAC2,ENSG00000165637,1113,91.98347107438016,424,92.77899343544857,1265,95.97875569044007
RPS24,ENSG00000138326,1210,100.0,457,100.0,1318,100.0
NUTM2B-AS1,ENSG00000225484,873,72.14876033057851,331,72.42888402625822,1035,78.52807283763278
PRXL2A,ENSG00000122378,1029,85.04132231404958,329,71.99124726477024,1087,82.47344461305008
NRG3,ENSG00000185737,1125,92.97520661157024,374,81.83807439824945,1179,89.45371775417298
GHITM,ENSG00000165678,893,73.80165289256199,311,68.05251641137856,984,74.65857359635811
CCSER2,ENSG00000107771,965,79.75206611570248,390,85.33916849015317,1226,93.01972685887708
WAPL,ENSG00000062650,723,59.75206611570248,229,50.10940919037199,733,55.61456752655539
BMPR1A,ENSG00000107779,1116,92.23140495867769,327,71.55361050328227,949,72.00303490136571
GLUD1,ENSG00000148672,746,61.65289256198348,175,38.29321663019694,479,36.34294385432473
NUTM2A-AS1,ENSG00000223482,905,74.79338842975206,336,73.52297592997812,1047,79.43854324734446
ATAD1,ENSG00000138138,738,60.99173553719008,285,62.36323851203501,962,72.98937784522003
RPP30,ENSG00000148688,617,50.99173553719009,196,42.88840262582057,591,44.840667678300456
TNKS2,ENSG00000107854,637,52.64462809917355,199,43.544857768052516,694,52.65553869499241
MARCHF5,ENSG00000198060,700,57.85123966942148,321,70.24070021881839,922,69.95447647951441
PLCE1,ENSG00000138193,673,55.619834710743795,30,6.564551422319474,133,10.09104704097117
HELLS,ENSG00000119969,685,56.611570247933884,132,28.88402625820569,342,25.948406676783005
SORBS1,ENSG00000095637,821,67.85123966942149,273,59.73741794310722,1153,87.48103186646435
ZNF518A,ENSG00000177853,879,72.64462809917356,282,61.70678336980306,872,66.1608497723824
TM9SF3,ENSG00000077147,881,72.8099173553719,314,68.7089715536105,966,73.2928679817906
LCOR,ENSG00000196233,940,77.68595041322314,398,87.08971553610503,1220,92.56449165402124
PGAM1,ENSG00000171314,1073,88.67768595041322,369,80.74398249452955,1108,84.06676783004552
SCD,ENSG00000099194,714,59.008264462809926,238,52.078774617067836,883,66.99544764795145
NDUFB8,ENSG00000166136,1061,87.68595041322314,433,94.74835886214443,1248,94.68892261001517
MRPL43,ENSG00000055950,714,59.008264462809926,217,47.4835886214442,735,55.76631259484067
OGA,ENSG00000198408,953,78.7603305785124,397,86.87089715536105,1145,86.87405159332322
ARMH3,ENSG00000120029,658,54.3801652892562,232,50.76586433260394,703,53.338391502276174
CUEDC2,ENSG00000107874,751,62.066115702479344,273,59.73741794310722,854,64.79514415781486
ARL3,ENSG00000138175,1072,88.59504132231405,384,84.02625820568927,1188,90.13657056145675
NT5C2,ENSG00000076685,711,58.760330578512395,235,51.42231947483589,848,64.33990895295902
ATP5MK,ENSG00000173915,1145,94.62809917355372,437,95.62363238512035,1302,98.78603945371776
GSTO1,ENSG00000148834,676,55.867768595041326,159,34.79212253829322,374,28.376327769347498
MXI1,ENSG00000119950,855,70.66115702479338,361,78.99343544857767,1022,77.54172989377845
PDCD4,ENSG00000150593,1013,83.71900826446281,158,34.57330415754923,594,45.068285280728375
BBIP1,ENSG00000214413,625,51.652892561983464,200,43.7636761487965,808,61.305007587253414
SHOC2,ENSG00000108061,763,63.057851239669425,293,64.11378555798687,966,73.2928679817906
VTI1A,ENSG00000151532,821,67.85123966942149,318,69.58424507658644,998,75.72078907435508
NHLRC2,ENSG00000196865,625,51.652892561983464,142,31.072210065645518,489,37.101669195751136
ATRNL1,ENSG00000107518,970,80.16528925619835,371,81.1816192560175,1178,89.37784522003035
EMX2,ENSG00000170370,1007,83.22314049586777,302,66.08315098468272,559,42.41274658573596
RAB11FIP2,ENSG00000107560,722,59.6694214876033,196,42.88840262582057,508,38.54324734446131
FAM204A,ENSG00000165669,696,57.52066115702479,230,50.32822757111597,771,58.497723823975726
CACUL1,ENSG00000151893,712,58.84297520661157,299,65.42669584245077,800,60.69802731411229
EIF3A,ENSG00000107581,1063,87.85123966942149,418,91.46608315098467,1184,89.83308042488619
PRDX3,ENSG00000165672,792,65.45454545454545,252,55.14223194748359,776,58.877086494688925
TIAL1,ENSG00000151923,771,63.71900826446281,275,60.17505470459519,845,64.11229135053111
MCMBP,ENSG00000197771,607,50.16528925619834,179,39.16849015317287,588,44.613050075872536
FGFR2,ENSG00000066468,922,76.19834710743801,134,29.321663019693656,513,38.922610015174506
ATE1,ENSG00000107669,916,75.70247933884298,319,69.80306345733041,887,67.29893778452201
EEF1AKMT2,ENSG00000203791,608,50.247933884297524,183,40.0437636761488,677,51.365705614567524
CTBP2,ENSG00000175029,1091,90.16528925619835,376,82.27571115973743,1152,87.4051593323217
BCCIP,ENSG00000107949,785,64.87603305785123,253,55.36105032822757,663,50.30349013657056
GLRX3,ENSG00000108010,665,54.958677685950406,237,51.85995623632385,753,57.132018209408194
PPP2R2D,ENSG00000175470,619,51.15702479338843,258,56.455142231947484,844,64.03641881638846
BNIP3,ENSG00000176171,1101,90.99173553719008,432,94.52954048140045,1155,87.63277693474963
ECHS1,ENSG00000127884,800,66.11570247933885,237,51.85995623632385,725,55.00758725341427
MTG1,ENSG00000148824,697,57.60330578512397,200,43.7636761487965,620,47.040971168437025
PSMD13,ENSG00000185627,814,67.27272727272727,292,63.89496717724289,927,70.33383915022762
RNH1,ENSG00000023191,785,64.87603305785123,254,55.57986870897156,829,62.89833080424886
TALDO1,ENSG00000177156,848,70.08264462809917,319,69.80306345733041,1030,78.14871016691957
RPLP2,ENSG00000177600,1210,100.0,457,100.0,1318,100.0
POLR2L,ENSG00000177700,924,76.36363636363637,345,75.49234135667396,936,71.01669195751138
CD81,ENSG00000110651,1117,92.31404958677686,393,85.99562363238512,1173,88.99848254931715
NAP1L4,ENSG00000205531,997,82.39669421487604,368,80.52516411378556,1084,82.24582701062215
RRM1,ENSG00000167325,673,55.619834710743795,156,34.13566739606127,498,37.7845220030349
TAF10,ENSG00000166337,659,54.46280991735537,240,52.516411378555794,729,55.31107738998483
RPL27A,ENSG00000166441,1210,100.0,457,100.0,1318,100.0
DENND5A,ENSG00000184014,857,70.82644628099175,267,58.42450765864332,928,70.40971168437025
TMEM41B,ENSG00000166471,703,58.099173553719005,231,50.54704595185996,758,57.5113808801214
IPO7,ENSG00000205339,801,66.19834710743801,259,56.67396061269147,906,68.74051593323217
SBF2,ENSG00000133812,1139,94.13223140495867,417,91.2472647702407,1188,90.13657056145675
EIF4G2,ENSG00000110321,1157,95.6198347107438,451,98.6870897155361,1306,99.08952959028832
USP47,ENSG00000170242,1107,91.48760330578513,427,93.43544857768052,1181,89.60546282245826
DKK3,ENSG00000050165,813,67.1900826446281,159,34.79212253829322,563,42.716236722306526
TEAD1,ENSG00000187079,1054,87.10743801652893,372,81.4004376367615,919,69.7268588770865
FAR1,ENSG00000197601,748,61.81818181818181,284,62.144420131291035,957,72.61001517450683
COPB1,ENSG00000129083,818,67.60330578512396,316,69.14660831509846,947,71.85128983308043
PSMA1,ENSG00000129084,1048,86.61157024793388,380,83.15098468271334,1104,83.76327769347496
C11orf58,ENSG00000110696,1125,92.97520661157024,424,92.77899343544857,1217,92.33687405159333
RPS13,ENSG00000110700,1210,100.0,457,100.0,1318,100.0
PIK3C2A,ENSG00000011405,1010,83.47107438016529,345,75.49234135667396,953,72.30652503793627
NUCB2,ENSG00000070081,790,65.28925619834712,252,55.14223194748359,1008,76.4795144157815
LDHA,ENSG00000134333,1086,89.75206611570248,396,86.65207877461707,1147,87.0257966616085
TSG101,ENSG00000074319,809,66.85950413223141,335,73.30415754923413,1059,80.34901365705615
ZDHHC13,ENSG00000177054,659,54.46280991735537,136,29.75929978118162,466,35.35660091047041
METTL15,ENSG00000169519,728,60.16528925619835,185,40.48140043763676,600,45.52352048558422
MPPED2,ENSG00000066382,1199,99.0909090909091,442,96.71772428884027,1239,94.0060698027314
IMMP1L,ENSG00000148950,808,66.77685950413223,242,52.95404814004377,712,54.02124430955993
RCN1,ENSG00000049449,1038,85.78512396694215,301,65.86433260393873,191,14.49165402124431
EIF3M,ENSG00000149100,1099,90.82644628099173,396,86.65207877461707,1119,84.90136570561457
QSER1,ENSG00000060749,751,62.066115702479344,344,75.27352297592998,932,70.71320182094082
CSTF3,ENSG00000176102,750,61.98347107438017,264,57.76805251641138,907,68.81638846737481
FJX1,ENSG00000179431,735,60.74380165289256,359,78.55579868708972,1131,85.81183611532626
TRIM44,ENSG00000166326,988,81.65289256198346,366,80.0875273522976,1074,81.48710166919575
LDLRAD3,ENSG00000179241,982,81.15702479338843,331,72.42888402625822,705,53.490136570561454
API5,ENSG00000166181,769,63.553719008264466,239,52.29759299781181,772,58.573596358118365
TTC17,ENSG00000052841,1097,90.6611570247934,403,88.18380743982495,1186,89.98482549317147
HSD17B12,ENSG00000149084,716,59.17355371900827,207,45.29540481400438,745,56.525037936267076
TSPAN18,ENSG00000157570,787,65.0413223140496,305,66.73960612691467,1023,77.6176024279211
MDK,ENSG00000110492,749,61.90082644628099,172,37.63676148796499,248,18.81638846737481
AMBRA1,ENSG00000110497,749,61.90082644628099,308,67.39606126914661,867,65.7814871016692
CKAP5,ENSG00000175216,692,57.190082644628106,263,57.54923413566739,897,68.05766312594841
LRP4,ENSG00000134569,743,61.40495867768595,74,16.192560175054705,127,9.635811836115327
CSTPP1,ENSG00000149179,1076,88.92561983471074,358,78.33698030634574,1102,83.61153262518968
DDB2,ENSG00000134574,792,65.45454545454545,136,29.75929978118162,357,27.086494688922606
PSMC3,ENSG00000165916,766,63.30578512396694,282,61.70678336980306,831,63.05007587253414
CELF1,ENSG00000149187,945,78.099173553719,389,85.12035010940919,1163,88.23975720789075
NDUFS3,ENSG00000213619,796,65.78512396694215,271,59.29978118161926,895,67.90591805766313
MTCH2,ENSG00000109919,705,58.26446280991735,293,64.11378555798687,943,71.54779969650986
FNBP4,ENSG00000109920,951,78.59504132231405,314,68.7089715536105,961,72.91350531107739
NUP160,ENSG00000030066,770,63.63636363636363,301,65.86433260393873,930,70.56145675265554
MED19,ENSG00000156603,615,50.82644628099173,217,47.4835886214442,792,60.09104704097117
SELENOH,ENSG00000211450,1058,87.43801652892562,384,84.02625820568927,1122,85.12898330804249
ZFP91,ENSG00000186660,668,55.20661157024793,237,51.85995623632385,757,57.43550834597876
MRPL16,ENSG00000166902,667,55.12396694214876,198,43.32603938730853,519,39.37784522003035
TMEM132A,ENSG00000006118,627,51.81818181818182,252,55.14223194748359,967,73.36874051593323
DDB1,ENSG00000167986,672,55.53719008264463,223,48.796498905908095,698,52.95902883156297
TMEM258,ENSG00000134825,1139,94.13223140495867,418,91.46608315098467,1189,90.2124430955994
FADS2,ENSG00000134824,632,52.231404958677686,249,54.48577680525164,754,57.207890743550834
FADS1,ENSG00000149485,786,64.95867768595042,308,67.39606126914661,991,75.18968133535661
FTH1,ENSG00000167996,1210,100.0,457,100.0,1318,100.0
EEF1G,ENSG00000254772,1210,100.0,457,100.0,1318,100.0
UBXN1,ENSG00000162191,984,81.32231404958678,430,94.09190371991247,1212,91.95751138088012
BSCL2,ENSG00000168000,614,50.743801652892564,233,50.984682713347915,894,67.83004552352048
POLR2G,ENSG00000168002,858,70.9090909090909,259,56.67396061269147,799,60.62215477996965
SNHG1,ENSG00000255717,799,66.03305785123968,247,54.04814004376368,700,53.110773899848255
SLC3A2,ENSG00000168003,933,77.10743801652893,326,71.33479212253829,799,60.62215477996965
RTN3,ENSG00000133318,1185,97.93388429752066,456,99.78118161925602,1315,99.77238239757207
COX8A,ENSG00000176340,1075,88.84297520661157,404,88.40262582056893,1230,93.32321699544764
STIP1,ENSG00000168439,644,53.223140495867774,248,54.26695842450766,777,58.952959028831565
VEGFB,ENSG00000173511,758,62.64462809917355,162,35.44857768052516,446,33.8391502276176
PPP1R14B,ENSG00000173457,1067,88.18181818181819,447,97.81181619256017,1293,98.103186646434
TRMT112,ENSG00000173113,1011,83.55371900826447,317,69.36542669584244,917,69.57511380880122
PRDX5,ENSG00000126432,1139,94.13223140495867,429,93.8730853391685,1248,94.68892261001517
ARL2,ENSG00000213465,701,57.93388429752066,195,42.669584245076585,709,53.79362670713201
VPS51,ENSG00000149823,608,50.247933884297524,199,43.544857768052516,652,49.46889226100152
FAU,ENSG00000149806,1210,100.0,457,100.0,1318,100.0
NEAT1,ENSG00000245532,647,53.471074380165284,128,28.00875273522976,237,17.981790591805765
MALAT1,ENSG00000251562,1210,100.0,457,100.0,1318,100.0
CFL1,ENSG00000172757,1206,99.6694214876033,457,100.0,1317,99.92412746585735
DRAP1,ENSG00000175550,939,77.60330578512396,322,70.45951859956236,1116,84.67374810318664
BANF1,ENSG00000175334,1039,85.86776859504133,366,80.0875273522976,1090,82.70106221547799
SF3B2,ENSG00000087365,999,82.56198347107438,343,75.054704595186,1038,78.7556904400607
MRPL11,ENSG00000174547,716,59.17355371900827,199,43.544857768052516,473,35.88770864946889
RBM4,ENSG00000173933,1041,86.03305785123968,414,90.59080962800876,1122,85.12898330804249
PPP1CA,ENSG00000172531,654,54.049586776859506,181,39.606126914660834,588,44.613050075872536
GSTP1,ENSG00000084207,1201,99.25619834710744,437,95.62363238512035,1175,89.15022761760243
NDUFV1,ENSG00000167792,738,60.99173553719008,209,45.73304157549234,878,66.61608497723824
NDUFS8,ENSG00000110717,1009,83.38842975206612,366,80.0875273522976,1128,85.58421851289833
CHKA,ENSG00000110721,660,54.54545454545454,181,39.606126914660834,611,46.35811836115326
PPP6R3,ENSG00000110075,1024,84.62809917355372,353,77.24288840262582,1045,79.28679817905918
MRPL21,ENSG00000197345,611,50.49586776859504,211,46.17067833698031,731,55.46282245827011
CCND1,ENSG00000110092,708,58.51239669421487,92,20.13129102844639,30,2.2761760242792106
NUMA1,ENSG00000137497,622,51.404958677685954,245,53.610503282275715,783,59.408194233687404
LAMTOR1,ENSG00000149357,842,69.58677685950413,231,50.54704595185996,729,55.31107738998483
FCHSD2,ENSG00000137478,1053,87.02479338842976,369,80.74398249452955,1185,89.90895295902884
FAM168A,ENSG00000054965,939,77.60330578512396,375,82.05689277899344,1120,84.9772382397572
RAB6A,ENSG00000175582,884,73.05785123966942,326,71.33479212253829,1065,80.80424886191199
COA4,ENSG00000181924,733,60.578512396694215,215,47.04595185995623,641,48.634294385432476
RNF169,ENSG00000166439,697,57.60330578512397,196,42.88840262582057,689,52.27617602427921
SPCS2,ENSG00000118363,1133,93.63636363636364,414,90.59080962800876,1199,90.9711684370258
RPS3,ENSG00000149273,1210,100.0,457,100.0,1318,100.0
UVRAG,ENSG00000198382,765,63.22314049586777,276,60.393873085339166,897,68.05766312594841
THAP12,ENSG00000137492,646,53.388429752066116,205,44.85776805251641,626,47.496206373292864
CLNS1A,ENSG00000074201,1063,87.85123966942149,346,75.71115973741794,929,70.4855842185129
AAMDC,ENSG00000087884,717,59.256198347107436,220,48.14004376367615,504,38.23975720789075
NDUFC2,ENSG00000151366,1178,97.35537190082646,450,98.46827133479212,1280,97.11684370257967
TENM4,ENSG00000149256,1194,98.67768595041322,453,99.12472647702407,1303,98.8619119878604
CCDC90B,ENSG00000137500,739,61.074380165289256,250,54.70459518599562,869,65.93323216995448
PICALM,ENSG00000073921,951,78.59504132231405,381,83.36980306345733,1070,81.18361153262519
HIKESHI,ENSG00000149196,739,61.074380165289256,282,61.70678336980306,915,69.42336874051594
TMEM135,ENSG00000166575,703,58.099173553719005,196,42.88840262582057,657,49.84825493171472
FAT3,ENSG00000165323,1125,92.97520661157024,215,47.04595185995623,981,74.4309559939302
SLC36A4,ENSG00000180773,763,63.057851239669425,236,51.64113785557986,776,58.877086494688925
TAF1D,ENSG00000166012,944,78.01652892561984,322,70.45951859956236,964,73.14112291350531
C11orf54,ENSG00000182919,658,54.3801652892562,194,42.4507658643326,541,41.047040971168435
MED17,ENSG00000042429,656,54.21487603305785,331,72.42888402625822,887,67.29893778452201
CWC15,ENSG00000150316,1013,83.71900826446281,356,77.89934354485777,1065,80.80424886191199
SESN3,ENSG00000149212,856,70.74380165289256,252,55.14223194748359,765,58.04248861911988
CEP57,ENSG00000166037,953,78.7603305785124,347,75.92997811816193,997,75.64491654021245
TMEM123,ENSG00000152558,900,74.3801652892562,293,64.11378555798687,391,29.666160849772382
DCUN1D5,ENSG00000137692,790,65.28925619834712,289,63.23851203501094,921,69.87860394537178
PDGFD,ENSG00000170962,616,50.90909090909091,59,12.910284463894966,12,0.9104704097116844
AASDHPPT,ENSG00000149313,813,67.1900826446281,330,72.21006564551422,1111,84.29438543247343
CWF19L2,ENSG00000152404,747,61.735537190082646,248,54.26695842450766,787,59.71168437025797
CUL5,ENSG00000166266,1031,85.20661157024793,367,80.30634573304157,1106,83.91502276176024
ATM,ENSG00000149311,878,72.56198347107437,302,66.08315098468272,923,70.03034901365706
DDX10,ENSG00000178105,653,53.96694214876033,213,46.608315098468275,818,62.06373292867981
RDX,ENSG00000137710,1131,93.47107438016529,418,91.46608315098467,1068,81.03186646433991
ZC3H12C,ENSG00000149289,923,76.28099173553719,343,75.054704595186,448,33.99089529590288
FDX1,ENSG00000137714,638,52.72727272727272,156,34.13566739606127,407,30.880121396054626
TIMM8B,ENSG00000150779,892,73.71900826446281,352,77.02407002188184,1066,80.88012139605463
SDHD,ENSG00000204370,617,50.99173553719009,145,31.72866520787746,391,29.666160849772382
PTS,ENSG00000150787,765,63.22314049586777,289,63.23851203501094,861,65.32625189681336
NCAM1,ENSG00000149294,1197,98.92561983471074,455,99.56236323851203,1315,99.77238239757207
SIK3,ENSG00000160584,1042,86.11570247933884,329,71.99124726477024,1027,77.92109256449166
FXYD6,ENSG00000137726,1116,92.23140495867769,423,92.5601750547046,1142,86.6464339908953
ATP5MG,ENSG00000167283,1199,99.0909090909091,454,99.34354485776805,1312,99.54476479514416
DDX6,ENSG00000110367,1025,84.71074380165288,400,87.527352297593,1209,91.7298937784522
RPS25,ENSG00000118181,1210,100.0,457,100.0,1318,100.0
CBL,ENSG00000110395,655,54.132231404958674,199,43.544857768052516,694,52.65553869499241
ARHGEF12,ENSG00000196914,810,66.94214876033058,260,56.89277899343544,929,70.4855842185129
MIR100HG,ENSG00000255248,1005,83.05785123966942,146,31.947483588621445,637,48.33080424886192
HSPA8,ENSG00000109971,1166,96.36363636363636,443,96.93654266958424,1306,99.08952959028832
PKNOX2,ENSG00000165495,688,56.85950413223141,164,35.886214442013134,562,42.640364188163886
FEZ1,ENSG00000149557,1020,84.29752066115702,326,71.33479212253829,1249,94.76479514415782
EI24,ENSG00000149547,625,51.652892561983464,248,54.26695842450766,872,66.1608497723824
APLP2,ENSG00000084234,858,70.9090909090909,364,79.64989059080962,1084,82.24582701062215
ZBTB44,ENSG00000196323,605,50.0,209,45.73304157549234,752,57.056145675265554
NTM,ENSG00000182667,681,56.28099173553719,132,28.88402625820569,726,55.08345978755691
OPCML,ENSG00000183715,885,73.14049586776859,254,55.57986870897156,1007,76.40364188163885
JAM3,ENSG00000166086,819,67.68595041322314,208,45.51422319474836,681,51.66919575113808
THYN1,ENSG00000151500,700,57.85123966942148,244,53.39168490153173,810,61.45675265553869
WNK1,ENSG00000060237,1005,83.05785123966942,371,81.1816192560175,1098,83.30804248861912
ERC1,ENSG00000082805,1037,85.70247933884298,408,89.27789934354486,1282,97.26858877086495
WNT5B,ENSG00000111186,743,61.40495867768595,236,51.64113785557986,717,54.40060698027314
FKBP4,ENSG00000004478,701,57.93388429752066,195,42.669584245076585,697,52.88315629742033
CCND2,ENSG00000118971,1198,99.00826446280992,439,96.06126914660832,1225,92.94385432473445
TIGAR,ENSG00000078237,645,53.30578512396694,216,47.26477024070022,631,47.87556904400607
NDUFA9,ENSG00000139180,632,52.231404958677686,252,55.14223194748359,735,55.76631259484067
MRPL51,ENSG00000111639,1000,82.64462809917356,365,79.86870897155362,1011,76.7071320182094
GAPDH,ENSG00000111640,1210,100.0,457,100.0,1318,100.0
MLF2,ENSG00000089693,844,69.75206611570248,329,71.99124726477024,1006,76.32776934749621
PTMS,ENSG00000159335,1192,98.51239669421487,456,99.78118161925602,1317,99.92412746585735
TPI1,ENSG00000111669,1204,99.50413223140497,457,100.0,1300,98.63429438543247
ENO2,ENSG00000111674,714,59.008264462809926,339,74.17943107221006,1154,87.55690440060698
ATN1,ENSG00000111676,666,55.04132231404959,203,44.42013129102845,736,55.84218512898331
PHB2,ENSG00000215021,969,80.08264462809917,350,76.58643326039387,986,74.81031866464339
YBX3,ENSG00000060138,615,50.82644628099173,43,9.409190371991247,25,1.896813353566009
PRH1,ENSG00000231887,743,61.40495867768595,290,63.45733041575492,998,75.72078907435508
ETV6,ENSG00000139083,695,57.438016528925615,248,54.26695842450766,476,36.11532625189681
BCL2L14,ENSG00000121380,904,74.7107438016529,258,56.455142231947484,831,63.05007587253414
LRP6,ENSG00000070018,1095,90.49586776859503,374,81.83807439824945,1013,76.85887708649469
ATF7IP,ENSG00000171681,1013,83.71900826446281,388,84.9015317286652,1158,87.86039453717754
WBP11,ENSG00000084463,677,55.950413223140494,219,47.921225382932164,690,52.35204855842185
STRAP,ENSG00000023734,1087,89.83471074380165,400,87.527352297593,1184,89.83308042488619
PLEKHA5,ENSG00000052126,1151,95.12396694214877,403,88.18380743982495,1248,94.68892261001517
AEBP2,ENSG00000139154,943,77.93388429752066,247,54.04814004376368,884,67.07132018209408
LDHB,ENSG00000111716,1204,99.50413223140497,456,99.78118161925602,1315,99.77238239757207
ST8SIA1,ENSG00000111728,710,58.67768595041323,129,28.227571115973742,450,34.14264036418817
ETNK1,ENSG00000139163,902,74.54545454545455,308,67.39606126914661,952,72.23065250379362
KRAS,ENSG00000133703,805,66.52892561983471,273,59.73741794310722,988,74.96206373292867
FGFR1OP2,ENSG00000111790,675,55.78512396694215,209,45.73304157549234,586,44.46130500758726
TM7SF3,ENSG00000064115,735,60.74380165289256,167,36.542669584245075,649,49.241274658573595
MRPS35,ENSG00000061794,671,55.45454545454545,215,47.04595185995623,655,49.69650986342944
ERGIC2,ENSG00000087502,824,68.09917355371901,263,57.54923413566739,883,66.99544764795145
TMTC1,ENSG00000133687,987,81.5702479338843,164,35.886214442013134,656,49.77238239757208
SINHCAF,ENSG00000139146,948,78.34710743801652,373,81.61925601750546,980,74.35508345978755
DENND5B,ENSG00000170456,1061,87.68595041322314,371,81.1816192560175,1094,83.00455235204855
BICD1,ENSG00000151746,1107,91.48760330578513,453,99.12472647702407,1315,99.77238239757207
FGD4,ENSG00000139132,1027,84.87603305785125,434,94.9671772428884,1199,90.9711684370258
DNM1L,ENSG00000087470,909,75.12396694214875,354,77.4617067833698,1103,83.68740515933231
KIF21A,ENSG00000139116,1159,95.78512396694215,440,96.2800875273523,1278,96.96509863429439
YAF2,ENSG00000015153,871,71.98347107438016,328,71.77242888402627,913,69.27162367223065
PPHLN1,ENSG00000134283,995,82.23140495867769,356,77.89934354485777,1052,79.81790591805766
ZCRB1,ENSG00000139168,1093,90.3305785123967,349,76.36761487964989,1114,84.52200303490136
ANO6,ENSG00000177119,633,52.314049586776854,158,34.57330415754923,474,35.96358118361153
SCAF11,ENSG00000139218,1008,83.30578512396694,334,73.08533916849015,700,53.110773899848255
SLC38A1,ENSG00000111371,804,66.44628099173553,376,82.27571115973743,1173,88.99848254931715
SLC38A2,ENSG00000134294,896,74.0495867768595,396,86.65207877461707,1149,87.17754172989378
TUBA1B,ENSG00000123416,1174,97.02479338842976,433,94.74835886214443,1280,97.11684370257967
TUBA1A,ENSG00000167552,1210,100.0,457,100.0,1318,100.0
SPATS2,ENSG00000123352,889,73.47107438016529,391,85.55798687089715,1145,86.87405159332322
TMBIM6,ENSG00000139644,1155,95.45454545454545,408,89.27789934354486,1171,88.84673748103187
SMARCD1,ENSG00000066117,665,54.958677685950406,290,63.45733041575492,919,69.7268588770865
ENSG00000272368,ENSG00000272368,642,53.05785123966942,216,47.26477024070022,667,50.60698027314112
CERS5,ENSG00000139624,620,51.2396694214876,211,46.17067833698031,646,49.013657056145675
LIMA1,ENSG00000050405,619,51.15702479338843,115,25.164113785557984,354,26.858877086494687
LARP4,ENSG00000161813,629,51.98347107438016,177,38.7308533916849,593,44.992412746585735
DIP2B,ENSG00000066084,957,79.0909090909091,323,70.67833698030634,983,74.58270106221548
TFCP2,ENSG00000135457,779,64.3801652892562,260,56.89277899343544,714,54.17298937784521
DAZAP2,ENSG00000183283,701,57.93388429752066,255,55.798687089715536,722,54.77996965098634
EIF4B,ENSG00000063046,1122,92.72727272727272,404,88.40262582056893,1170,88.77086494688923
PFDN5,ENSG00000123349,1198,99.00826446280992,451,98.6870897155361,1297,98.40667678300456
PCBP2,ENSG00000197111,1184,97.85123966942149,442,96.71772428884027,1262,95.75113808801214
ATF7,ENSG00000170653,655,54.132231404958674,207,45.29540481400438,678,51.441578148710164
ATP5MC2,ENSG00000135390,1204,99.50413223140497,453,99.12472647702407,1299,98.55842185128984
CBX5,ENSG00000094916,1102,91.07438016528926,386,84.46389496717724,1202,91.19878603945372
HNRNPA1,ENSG00000135486,1206,99.6694214876033,457,100.0,1317,99.92412746585735
COPZ1,ENSG00000111481,768,63.47107438016529,230,50.32822757111597,787,59.71168437025797
BLOC1S1,ENSG00000135441,797,65.86776859504133,288,63.01969365426696,1006,76.32776934749621
CD63,ENSG00000135404,1161,95.9504132231405,422,92.34135667396062,1156,87.70864946889226
SARNP,ENSG00000205323,1057,87.35537190082646,388,84.9015317286652,1121,85.05311077389986
RPS26,ENSG00000197728,1202,99.3388429752066,457,100.0,1311,99.46889226100151
PA2G4,ENSG00000170515,1060,87.60330578512396,364,79.64989059080962,1101,83.53566009104703
RPL41,ENSG00000229117,1210,100.0,457,100.0,1318,100.0
MYL6B,ENSG00000196465,971,80.24793388429752,375,82.05689277899344,1136,86.19119878603946
MYL6,ENSG00000092841,1180,97.52066115702479,456,99.78118161925602,1305,99.01365705614568
CS,ENSG00000062485,655,54.132231404958674,194,42.4507658643326,651,49.39301972685888
CNPY2,ENSG00000257727,919,75.9504132231405,329,71.99124726477024,969,73.5204855842185
ATP5F1B,ENSG00000110955,1171,96.77685950413223,447,97.81181619256017,1291,97.95144157814872
PTGES3,ENSG00000110958,1199,99.0909090909091,445,97.3741794310722,1290,97.87556904400607
NACA,ENSG00000196531,1210,100.0,457,100.0,1318,100.0
R3HDM2,ENSG00000179912,959,79.25619834710744,392,85.77680525164114,1176,89.22610015174507
DCTN2,ENSG00000175203,981,81.07438016528926,405,88.62144420131291,1225,92.94385432473445
CDK4,ENSG00000135446,886,73.22314049586777,242,52.95404814004377,592,44.916540212443095
LRIG3,ENSG00000139263,633,52.314049586776854,58,12.691466083150985,34,2.579666160849772
MON2,ENSG00000061987,953,78.7603305785124,353,77.24288840262582,1051,79.74203338391503
SRGAP1,ENSG00000196935,992,81.98347107438016,383,83.80743982494529,1285,97.49620637329286
HMGA2,ENSG00000149948,1148,94.87603305785125,320,70.02188183807439,693,52.57966616084977
LLPH,ENSG00000139233,620,51.2396694214876,210,45.951859956236326,665,50.45523520485584
TMBIM4,ENSG00000155957,662,54.710743801652896,172,37.63676148796499,612,46.4339908952959
CAND1,ENSG00000111530,940,77.68595041322314,320,70.02188183807439,1019,77.31411229135054
MDM1,ENSG00000111554,651,53.80165289256198,113,24.72647702407002,281,21.320182094081943
RAP1B,ENSG00000127314,1097,90.6611570247934,344,75.27352297592998,1074,81.48710166919575
NUP107,ENSG00000111581,778,64.29752066115702,212,46.389496717724285,630,47.79969650986343
MDM2,ENSG00000135679,814,67.27272727272727,254,55.57986870897156,673,51.062215477996965
CPSF6,ENSG00000111605,1040,85.9504132231405,406,88.8402625820569,1106,83.91502276176024
FRS2,ENSG00000166225,810,66.94214876033058,274,59.95623632385121,821,62.29135053110774
CCT2,ENSG00000166226,1134,93.71900826446281,442,96.71772428884027,1272,96.50986342943855
CNOT2,ENSG00000111596,1106,91.40495867768595,425,92.99781181619255,1259,95.52352048558423
TBC1D15,ENSG00000121749,714,59.008264462809926,222,48.57768052516411,717,54.40060698027314
ATXN7L3B,ENSG00000253719,902,74.54545454545455,371,81.1816192560175,1160,88.01213960546282
PHLDA1,ENSG00000139289,904,74.7107438016529,382,83.58862144420132,812,61.60849772382397
NAP1L1,ENSG00000187109,1209,99.91735537190083,457,100.0,1314,99.69650986342944
OSBPL8,ENSG00000091039,1075,88.84297520661157,410,89.71553610503283,1256,95.2959028831563
ZDHHC17,ENSG00000186908,724,59.83471074380166,259,56.67396061269147,847,64.26403641881639
CSRP2,ENSG00000175183,901,74.46280991735537,347,75.92997811816193,1213,92.03338391502275
PAWR,ENSG00000177425,634,52.396694214876035,93,20.350109409190374,129,9.787556904400606
PPP1R12A,ENSG00000058272,1116,92.23140495867769,405,88.62144420131291,1112,84.37025796661608
PPFIA2,ENSG00000139220,699,57.768595041322314,374,81.83807439824945,1271,96.4339908952959
CCDC59,ENSG00000133773,778,64.29752066115702,258,56.455142231947484,659,50.0
TMTC2,ENSG00000179104,917,75.78512396694215,361,78.99343544857767,710,53.86949924127465
LINC01619,ENSG00000257242,874,72.23140495867769,278,60.83150984682714,701,53.186646433990894
BTG1,ENSG00000133639,1177,97.27272727272728,444,97.15536105032822,1132,85.88770864946889
NUDT4,ENSG00000173598,774,63.96694214876033,275,60.17505470459519,805,61.077389984825494
UBE2N,ENSG00000177889,939,77.60330578512396,336,73.52297592997812,996,75.5690440060698
MRPL42,ENSG00000198015,943,77.93388429752066,388,84.9015317286652,1153,87.48103186646435
NDUFA12,ENSG00000184752,1013,83.71900826446281,386,84.46389496717724,1161,88.08801213960547
VEZT,ENSG00000028203,1051,86.85950413223141,434,94.9671772428884,1262,95.75113808801214
METAP2,ENSG00000111142,1077,89.00826446280992,403,88.18380743982495,1130,85.73596358118361
SNRPF,ENSG00000139343,1139,94.13223140495867,433,94.74835886214443,1226,93.01972685887708
CDK17,ENSG00000059758,638,52.72727272727272,238,52.078774617067836,655,49.69650986342944
TMPO,ENSG00000120802,832,68.7603305785124,310,67.83369803063457,797,60.47040971168437
SLC25A3,ENSG00000075415,1203,99.42148760330578,451,98.6870897155361,1265,95.97875569044007
HSP90B1,ENSG00000166598,976,80.66115702479338,349,76.36761487964989,998,75.72078907435508
TDG,ENSG00000139372,690,57.02479338842975,347,75.92997811816193,1068,81.03186646433991
TXNRD1,ENSG00000198431,947,78.26446280991736,304,66.52078774617067,874,66.31259484066769
CHST11,ENSG00000171310,786,64.95867768595042,276,60.393873085339166,902,68.43702579666162
NOPCHAP1,ENSG00000151131,627,51.81818181818182,200,43.7636761487965,727,55.15933232169955
APPL2,ENSG00000136044,732,60.49586776859505,287,62.80087527352297,800,60.69802731411229
ENSG00000257545,ENSG00000257545,734,60.66115702479339,64,14.00437636761488,272,20.637329286798177
PWP1,ENSG00000136045,653,53.96694214876033,230,50.32822757111597,697,52.88315629742033
ISCU,ENSG00000136003,630,52.066115702479344,186,40.70021881838075,523,39.68133535660091
CORO1C,ENSG00000110880,723,59.75206611570248,410,89.71553610503283,1029,78.07283763277694
IFT81,ENSG00000122970,719,59.42148760330579,219,47.921225382932164,815,61.83611532625189
ATP2A2,ENSG00000174437,750,61.98347107438017,293,64.11378555798687,822,62.36722306525038
ARPC3,ENSG00000111229,1126,93.05785123966942,433,94.74835886214443,1251,94.9165402124431
VPS29,ENSG00000111237,677,55.950413223140494,262,57.330415754923415,913,69.27162367223065
PPP1CC,ENSG00000186298,971,80.24793388429752,320,70.02188183807439,1032,78.30045523520485
ERP29,ENSG00000089248,913,75.45454545454545,281,61.48796498905909,911,69.11987860394537
NAA25,ENSG00000111300,704,58.18181818181818,216,47.26477024070022,716,54.3247344461305
RPL6,ENSG00000089009,1210,100.0,457,100.0,1318,100.0
FBXO21,ENSG00000135108,874,72.23140495867769,349,76.36761487964989,989,75.03793626707133
PEBP1,ENSG00000089220,1197,98.92561983471074,452,98.90590809628009,1308,99.2412746585736
TAOK3,ENSG00000135090,673,55.619834710743795,208,45.51422319474836,867,65.7814871016692
RPLP0,ENSG00000089157,1210,100.0,457,100.0,1317,99.92412746585735
MSI1,ENSG00000135097,745,61.57024793388429,210,45.951859956236326,426,32.32169954476479
COX6A1,ENSG00000111775,1162,96.03305785123966,446,97.59299781181619,1311,99.46889226100151
TRIAP1,ENSG00000170855,698,57.68595041322314,178,38.949671772428886,404,30.652503793626707
SRSF9,ENSG00000111786,1141,94.29752066115702,406,88.8402625820569,1159,87.93626707132019
DYNLL1,ENSG00000088986,1131,93.47107438016529,438,95.84245076586433,1291,97.95144157814872
SPPL3,ENSG00000157837,969,80.08264462809917,365,79.86870897155362,1092,82.85280728376327
ANAPC5,ENSG00000089053,772,63.80165289256199,254,55.57986870897156,927,70.33383915022762
PSMD9,ENSG00000110801,632,52.231404958677686,200,43.7636761487965,612,46.4339908952959
BCL7A,ENSG00000110987,771,63.71900826446281,371,81.1816192560175,1128,85.58421851289833
CLIP1,ENSG00000130779,758,62.64462809917355,334,73.08533916849015,1038,78.7556904400607
RSRC2,ENSG00000111011,1168,96.52892561983471,437,95.62363238512035,1262,95.75113808801214
ARL6IP4,ENSG00000182196,865,71.48760330578511,273,59.73741794310722,797,60.47040971168437
CDK2AP1,ENSG00000111328,772,63.80165289256199,306,66.95842450765865,549,41.65402124430956
SBNO1,ENSG00000139697,732,60.49586776859505,292,63.89496717724289,947,71.85128983308043
TMED2,ENSG00000086598,670,55.371900826446286,243,53.17286652078774,845,64.11229135053111
UBC,ENSG00000150991,1203,99.42148760330578,454,99.34354485776805,1315,99.77238239757207
TMEM132B,ENSG00000139364,624,51.570247933884296,145,31.72866520787746,526,39.90895295902883
RAN,ENSG00000132341,1187,98.09917355371901,451,98.6870897155361,1293,98.103186646434
SFSWAP,ENSG00000061936,807,66.69421487603306,303,66.3019693654267,854,64.79514415781486
ZNF84,ENSG00000198040,711,58.760330578512395,324,70.89715536105032,951,72.15477996965099
MPHOSPH8,ENSG00000196199,825,68.18181818181817,305,66.73960612691467,998,75.72078907435508
PSPC1,ENSG00000121390,947,78.26446280991736,371,81.1816192560175,1056,80.12139605462822
XPO4,ENSG00000132953,777,64.21487603305785,257,56.236323851203494,770,58.421851289833086
SAP18,ENSG00000150459,1125,92.97520661157024,415,90.80962800875274,1235,93.70257966616084
MRPL57,ENSG00000173141,905,74.79338842975206,269,58.86214442013129,898,68.13353566009106
ZDHHC20,ENSG00000180776,733,60.578512396694215,249,54.48577680525164,769,58.34597875569044
MICU2,ENSG00000165487,958,79.17355371900825,354,77.4617067833698,1082,82.09408194233687
TNFRSF19,ENSG00000127863,616,50.90909090909091,6,1.312910284463895,68,5.159332321699544
SPATA13,ENSG00000182957,952,78.67768595041322,223,48.796498905908095,525,39.83308042488619
NUP58,ENSG00000139496,779,64.3801652892562,208,45.51422319474836,864,65.55386949924127
WASF3,ENSG00000132970,707,58.429752066115704,219,47.921225382932164,827,62.74658573596358
RPL21,ENSG00000122026,1210,100.0,457,100.0,1318,100.0
MTIF3,ENSG00000122033,616,50.90909090909091,209,45.73304157549234,739,56.06980273141124
POLR1D,ENSG00000186184,935,77.27272727272727,360,78.7746170678337,1103,83.68740515933231
PAN3,ENSG00000152520,1023,84.54545454545455,361,78.99343544857767,1109,84.14264036418815
POMP,ENSG00000132963,1132,93.55371900826445,425,92.99781181619255,1244,94.38543247344461
UBL3,ENSG00000122042,775,64.0495867768595,239,52.29759299781181,709,53.79362670713201
HMGB1,ENSG00000189403,1210,100.0,457,100.0,1318,100.0
USPL1,ENSG00000132952,725,59.917355371900825,181,39.606126914660834,723,54.85584218512898
FRY,ENSG00000073910,894,73.88429752066116,280,61.2691466083151,795,60.31866464339909
N4BP2L2,ENSG00000244754,1146,94.7107438016529,418,91.46608315098467,1213,92.03338391502275
PDS5B,ENSG00000083642,1041,86.03305785123968,377,82.4945295404814,1166,88.46737481031866
DCLK1,ENSG00000133083,849,70.16528925619835,413,90.37199124726477,1295,98.25493171471928
SPART,ENSG00000133104,727,60.08264462809917,135,29.540481400437635,454,34.44613050075873
SMAD9,ENSG00000120693,696,57.52066115702479,269,58.86214442013129,822,62.36722306525038
EXOSC8,ENSG00000120699,756,62.47933884297521,235,51.42231947483589,708,53.71775417298937
UFM1,ENSG00000120686,729,60.247933884297524,278,60.83150984682714,769,58.34597875569044
MRPS31,ENSG00000102738,715,59.09090909090909,251,54.92341356673961,729,55.31107738998483
WBP4,ENSG00000120688,765,63.22314049586777,229,50.10940919037199,737,55.91805766312595
NAA16,ENSG00000172766,688,56.85950413223141,217,47.4835886214442,510,38.694992412746586
VWA8,ENSG00000102763,745,61.57024793388429,194,42.4507658643326,742,56.297420333839156
TSC22D1,ENSG00000102804,1148,94.87603305785125,424,92.77899343544857,1263,95.82701062215479
GTF2F2,ENSG00000188342,883,72.97520661157024,336,73.52297592997812,998,75.72078907435508
TPT1,ENSG00000133112,1210,100.0,457,100.0,1318,100.0
TPT1-AS1,ENSG00000170919,716,59.17355371900827,213,46.608315098468275,742,56.297420333839156
ZC3H13,ENSG00000123200,931,76.94214876033058,404,88.40262582056893,1208,91.65402124430956
ESD,ENSG00000139684,1092,90.24793388429751,383,83.80743982494529,1121,85.05311077389986
SUCLA2,ENSG00000136143,880,72.72727272727273,261,57.11159737417943,901,68.36115326251897
MED4,ENSG00000136146,848,70.08264462809917,279,61.050328227571114,851,64.56752655538695
ITM2B,ENSG00000136156,1130,93.38842975206612,398,87.08971553610503,1222,92.71623672230652
RB1,ENSG00000139687,933,77.10743801652893,263,57.54923413566739,812,61.60849772382397
FNDC3A,ENSG00000102531,1117,92.31404958677686,401,87.74617067833698,1096,83.15629742033383
EBPL,ENSG00000123179,827,68.34710743801654,329,71.99124726477024,814,61.76024279210925
KPNA3,ENSG00000102753,1006,83.14049586776859,381,83.36980306345733,1066,80.88012139605463
DLEU2,ENSG00000231607,901,74.46280991735537,391,85.55798687089715,906,68.74051593323217
TRIM13,ENSG00000204977,740,61.15702479338842,341,74.61706783369803,883,66.99544764795145
DLEU1,ENSG00000176124,698,57.68595041322314,253,55.36105032822757,433,32.85280728376328
RNASEH2B,ENSG00000136104,620,51.2396694214876,237,51.85995623632385,554,42.03338391502276
WDFY2,ENSG00000139668,1004,82.97520661157026,340,74.39824945295405,1014,76.93474962063733
VPS36,ENSG00000136100,741,61.239669421487605,199,43.544857768052516,769,58.34597875569044
SUGT1,ENSG00000165416,815,67.35537190082644,264,57.76805251641138,915,69.42336874051594
TDRD3,ENSG00000083544,804,66.44628099173553,246,53.82932166301969,773,58.649468892261005
DACH1,ENSG00000276644,1204,99.50413223140497,450,98.46827133479212,736,55.84218512898331
PIBF1,ENSG00000083535,1033,85.37190082644628,375,82.05689277899344,1071,81.25948406676783
KLF12,ENSG00000118922,932,77.02479338842976,398,87.08971553610503,917,69.57511380880122
COMMD6,ENSG00000188243,1191,98.42975206611571,451,98.6870897155361,1299,98.55842185128984
SLAIN1,ENSG00000139737,938,77.52066115702479,384,84.02625820568927,883,66.99544764795145
RBM26,ENSG00000139746,1072,88.59504132231405,365,79.86870897155362,1093,82.92867981790592
ABCC4,ENSG00000125257,858,70.9090909090909,78,17.067833698030636,115,8.725341426403642
DZIP1,ENSG00000134874,624,51.570247933884296,133,29.10284463894967,442,33.53566009104704
UGGT2,ENSG00000102595,931,76.94214876033058,279,61.050328227571114,886,67.22306525037936
MBNL2,ENSG00000139793,662,54.710743801652896,53,11.597374179431071,338,25.644916540212442
RAP2A,ENSG00000125249,681,56.28099173553719,229,50.10940919037199,766,58.11836115326252
IPO5,ENSG00000065150,692,57.190082644628106,163,35.667396061269145,576,43.70257966616085
FARP1,ENSG00000152767,1065,88.01652892561982,429,93.8730853391685,1183,89.75720789074356
STK24,ENSG00000102572,705,58.26446280991735,187,40.91903719912472,526,39.90895295902883
UBAC2,ENSG00000134882,856,70.74380165289256,288,63.01969365426696,882,66.9195751138088
TM9SF2,ENSG00000125304,664,54.87603305785124,236,51.64113785557986,847,64.26403641881639
EFNB2,ENSG00000125266,1143,94.46280991735537,370,80.96280087527352,1165,88.39150227617603
ARGLU1,ENSG00000134884,1171,96.77685950413223,441,96.49890590809628,1244,94.38543247344461
IRS2,ENSG00000185950,641,52.97520661157024,96,21.00656455142232,511,38.770864946889226
COL4A2,ENSG00000134871,794,65.6198347107438,216,47.26477024070022,490,37.177541729893775
ANKRD10,ENSG00000088448,810,66.94214876033058,285,62.36323851203501,781,59.256449165402124
ARHGEF7,ENSG00000102606,866,71.5702479338843,351,76.80525164113786,1054,79.96965098634294
TUBGCP3,ENSG00000126216,619,51.15702479338843,152,33.260393873085334,514,38.998482549317146
ATP11A,ENSG00000068650,668,55.20661157024793,281,61.48796498905909,916,69.49924127465857
CUL4A,ENSG00000139842,695,57.438016528925615,183,40.0437636761488,637,48.33080424886192
UPF3A,ENSG00000169062,995,82.23140495867769,369,80.74398249452955,1162,88.1638846737481
CCNB1IP1,ENSG00000100814,990,81.81818181818183,289,63.23851203501094,864,65.55386949924127
APEX1,ENSG00000100823,1087,89.83471074380165,421,92.12253829321662,1196,90.74355083459787
HNRNPC,ENSG00000092199,1204,99.50413223140497,456,99.78118161925602,1314,99.69650986342944
TOX4,ENSG00000092203,609,50.3305785123967,211,46.17067833698031,623,47.268588770864945
DAD1,ENSG00000129562,1088,89.91735537190083,393,85.99562363238512,1147,87.0257966616085
MRPL52,ENSG00000172590,842,69.58677685950413,279,61.050328227571114,909,68.96813353566009
RBM23,ENSG00000100461,648,53.553719008264466,200,43.7636761487965,695,52.73141122913505
PSMB5,ENSG00000100804,1069,88.34710743801652,396,86.65207877461707,1216,92.26100151745068
ACIN1,ENSG00000100813,742,61.32231404958678,314,68.7089715536105,862,65.402124430956
PABPN1,ENSG00000100836,855,70.66115702479338,320,70.02188183807439,795,60.31866464339909
PSME1,ENSG00000092010,803,66.36363636363637,244,53.39168490153173,641,48.634294385432476
NEDD8,ENSG00000129559,1116,92.23140495867769,422,92.34135667396062,1244,94.38543247344461
NOVA1,ENSG00000139910,1064,87.93388429752066,404,88.40262582056893,1151,87.32928679817906
LINC01551,ENSG00000186960,1205,99.58677685950413,451,98.6870897155361,1276,96.81335356600911
SCFD1,ENSG00000092108,1034,85.45454545454545,368,80.52516411378556,1055,80.04552352048559
STRN3,ENSG00000196792,974,80.49586776859505,393,85.99562363238512,1110,84.2185128983308
NUBPL,ENSG00000151413,815,67.35537190082644,227,49.671772428884026,727,55.15933232169955
AKAP6,ENSG00000151320,770,63.63636363636363,295,64.55142231947484,1263,95.82701062215479
EGLN3,ENSG00000129521,804,66.44628099173553,208,45.51422319474836,622,47.192716236722305
EAPP,ENSG00000129518,836,69.0909090909091,312,68.27133479212254,919,69.7268588770865
SNX6,ENSG00000129515,976,80.66115702479338,359,78.55579868708972,1085,82.3216995447648
BAZ1A,ENSG00000198604,902,74.54545454545455,373,81.61925601750546,1043,79.1350531107739
SRP54,ENSG00000100883,754,62.314049586776854,231,50.54704595185996,805,61.077389984825494
PPP2R3C,ENSG00000092020,776,64.13223140495867,258,56.455142231947484,727,55.15933232169955
PSMA6,ENSG00000100902,1097,90.6611570247934,415,90.80962800875274,1217,92.33687405159333
PNN,ENSG00000100941,1131,93.47107438016529,422,92.34135667396062,1185,89.90895295902884
LINC02315,ENSG00000251363,641,52.97520661157024,246,53.82932166301969,737,55.91805766312595
KLHL28,ENSG00000179454,687,56.776859504132226,299,65.42669584245077,977,74.12746585735962
TOGARAM1,ENSG00000198718,686,56.69421487603306,246,53.82932166301969,821,62.29135053110774
FKBP3,ENSG00000100442,1026,84.79338842975207,392,85.77680525164114,1110,84.2185128983308
RPS29,ENSG00000213741,1210,100.0,457,100.0,1318,100.0
RPL36AL,ENSG00000165502,1159,95.78512396694215,441,96.49890590809628,1248,94.68892261001517
KLHDC2,ENSG00000165516,724,59.83471074380166,250,54.70459518599562,803,60.925644916540215
NEMF,ENSG00000165525,887,73.30578512396694,353,77.24288840262582,1018,77.2382397572079
MAP4K5,ENSG00000012983,1025,84.71074380165288,384,84.02625820568927,1113,84.44613050075873
TMX1,ENSG00000139921,681,56.28099173553719,209,45.73304157549234,487,36.949924127465856
RTRAF,ENSG00000087302,1086,89.75206611570248,419,91.68490153172867,1145,86.87405159332322
GPR137C,ENSG00000180998,777,64.21487603305785,327,71.55361050328227,1150,87.25341426403642
PSMC6,ENSG00000100519,899,74.29752066115702,343,75.054704595186,980,74.35508345978755
FERMT2,ENSG00000073712,883,72.97520661157024,210,45.951859956236326,505,38.31562974203339
DDHD1,ENSG00000100523,749,61.90082644628099,284,62.144420131291035,841,63.80880121396054
CNIH1,ENSG00000100528,859,70.99173553719008,301,65.86433260393873,821,62.29135053110774
SAMD4A,ENSG00000020577,782,64.62809917355372,31,6.783369803063458,69,5.235204855842185
MAPK1IP1L,ENSG00000168175,848,70.08264462809917,288,63.01969365426696,815,61.83611532625189
KTN1,ENSG00000126777,1057,87.35537190082646,377,82.4945295404814,1137,86.2670713201821
PELI2,ENSG00000139946,1092,90.24793388429751,349,76.36761487964989,1038,78.7556904400607
ARMH4,ENSG00000139971,860,71.07438016528926,354,77.4617067833698,1013,76.85887708649469
ACTR10,ENSG00000131966,756,62.47933884297521,301,65.86433260393873,954,72.3823975720789
PSMA3,ENSG00000100567,972,80.33057851239668,378,82.71334792122538,1014,76.93474962063733
ARID4A,ENSG00000032219,689,56.94214876033058,278,60.83150984682714,978,74.20333839150227
TIMM9,ENSG00000100575,634,52.396694214876035,213,46.608315098468275,686,52.04855842185129
DAAM1,ENSG00000100592,950,78.51239669421489,429,93.8730853391685,1245,94.46130500758724
RTN1,ENSG00000139970,754,62.314049586776854,250,54.70459518599562,1221,92.64036418816389
PCNX4,ENSG00000126773,965,79.75206611570248,311,68.05251641137856,969,73.5204855842185
PPM1A,ENSG00000100614,619,51.15702479338843,212,46.389496717724285,750,56.904400606980275
MNAT1,ENSG00000020426,1043,86.19834710743801,405,88.62144420131291,1177,89.3019726858877
HIF1A,ENSG00000100644,878,72.56198347107437,344,75.27352297592998,977,74.12746585735962
PPP2R5E,ENSG00000154001,1043,86.19834710743801,423,92.5601750547046,1268,96.20637329286798
SYNE2,ENSG00000054654,1209,99.91735537190083,454,99.34354485776805,1290,97.87556904400607
CHURC1,ENSG00000258289,893,73.80165289256199,303,66.3019693654267,953,72.30652503793627
MAX,ENSG00000125952,643,53.1404958677686,217,47.4835886214442,745,56.525037936267076
FUT8,ENSG00000033170,1048,86.61157024793388,283,61.925601750547045,785,59.55993930197268
PALS1,ENSG00000072415,767,63.38842975206611,121,26.477024070021884,301,22.83763277693475
ATP6V1D,ENSG00000100554,794,65.6198347107438,249,54.48577680525164,914,69.3474962063733
EIF2S1,ENSG00000134001,717,59.256198347107436,223,48.796498905908095,707,53.64188163884673
RDH11,ENSG00000072042,798,65.95041322314049,307,67.17724288840262,942,71.47192716236722
RAD51B,ENSG00000182185,953,78.7603305785124,218,47.70240700218819,584,44.30955993930198
ZFP36L1,ENSG00000185650,1143,94.46280991735537,82,17.943107221006567,8,0.6069802731411229
DCAF5,ENSG00000139990,672,55.53719008264463,264,57.76805251641138,765,58.04248861911988
ERH,ENSG00000100632,1172,96.8595041322314,440,96.2800875273523,1262,95.75113808801214
SLC39A9,ENSG00000029364,616,50.90909090909091,193,42.23194748358862,635,48.17905918057663
SRSF5,ENSG00000100650,1141,94.29752066115702,437,95.62363238512035,1205,91.42640364188163
COX16,ENSG00000133983,1038,85.78512396694215,388,84.9015317286652,1129,85.66009104704098
MED6,ENSG00000133997,661,54.62809917355372,208,45.51422319474836,685,51.97268588770865
PCNX1,ENSG00000100731,1036,85.6198347107438,382,83.58862144420132,1126,85.43247344461305
SIPA1L1,ENSG00000197555,970,80.16528925619835,229,50.10940919037199,652,49.46889226100152
RBM25,ENSG00000119707,1101,90.99173553719008,427,93.43544857768052,1232,93.47496206373293
NUMB,ENSG00000133961,769,63.553719008264466,324,70.89715536105032,1017,77.16236722306526
NPC2,ENSG00000119655,774,63.96694214876033,136,29.75929978118162,385,29.210925644916543
YLPM1,ENSG00000119596,919,75.9504132231405,354,77.4617067833698,1098,83.30804248861912
TMED10,ENSG00000170348,861,71.15702479338843,258,56.455142231947484,842,63.88467374810318
FOS,ENSG00000170345,831,68.67768595041322,127,27.78993435448578,368,27.921092564491655
TTLL5,ENSG00000119685,679,56.11570247933885,221,48.35886214442014,803,60.925644916540215
IFT43,ENSG00000119650,610,50.413223140495866,206,45.076586433260395,739,56.06980273141124
GPATCH2L,ENSG00000089916,809,66.85950413223141,280,61.2691466083151,963,73.06525037936267
AHSA1,ENSG00000100591,635,52.47933884297521,242,52.95404814004377,766,58.11836115326252
SLIRP,ENSG00000119705,1142,94.3801652892562,427,93.43544857768052,1212,91.95751138088012
SNW1,ENSG00000100603,830,68.59504132231406,291,63.67614879649891,877,66.5402124430956
STON2,ENSG00000140022,712,58.84297520661157,128,28.00875273522976,313,23.748103186646432
ZC3H14,ENSG00000100722,741,61.239669421487605,234,51.203501094091905,720,54.62822458270106
FOXN3,ENSG00000053254,1171,96.77685950413223,443,96.93654266958424,1237,93.85432473444612
PSMC1,ENSG00000100764,876,72.39669421487604,305,66.73960612691467,970,73.59635811836115
CALM1,ENSG00000198668,1201,99.25619834710744,456,99.78118161925602,1318,100.0
TTC7B,ENSG00000165914,653,53.96694214876033,188,41.13785557986871,689,52.27617602427921
RPS6KA5,ENSG00000100784,624,51.570247933884296,169,36.98030634573304,690,52.35204855842185
PPP4R3A,ENSG00000100796,882,72.89256198347107,295,64.55142231947484,940,71.32018209408194
TRIP11,ENSG00000100815,627,51.81818181818182,236,51.64113785557986,729,55.31107738998483
ATXN3,ENSG00000066427,701,57.93388429752066,240,52.516411378555794,739,56.06980273141124
NDUFB1,ENSG00000183648,1036,85.6198347107438,391,85.55798687089715,1195,90.66767830045524
BTBD7,ENSG00000011114,798,65.95041322314049,290,63.45733041575492,883,66.99544764795145
DDX24,ENSG00000089737,1082,89.42148760330578,436,95.40481400437638,1281,97.1927162367223
IFI27L2,ENSG00000119632,844,69.75206611570248,221,48.35886214442014,744,56.449165402124436
DICER1,ENSG00000100697,802,66.28099173553719,329,71.99124726477024,1020,77.38998482549317
GLRX5,ENSG00000182512,634,52.396694214876035,238,52.078774617067836,862,65.402124430956
PAPOLA,ENSG00000090060,1086,89.75206611570248,403,88.18380743982495,1135,86.11532625189682
VRK1,ENSG00000100749,613,50.66115702479339,192,42.01312910284464,898,68.13353566009106
EML1,ENSG00000066629,894,73.88429752066116,329,71.99124726477024,1105,83.8391502276176
EVL,ENSG00000196405,947,78.26446280991736,413,90.37199124726477,1279,97.04097116843703
HSP90AA1,ENSG00000080824,1210,100.0,457,100.0,1318,100.0
WDR20,ENSG00000140153,626,51.735537190082646,208,45.51422319474836,765,58.04248861911988
RCOR1,ENSG00000089902,734,60.66115702479339,230,50.32822757111597,744,56.449165402124436
EIF5,ENSG00000100664,1119,92.47933884297521,405,88.62144420131291,1192,90.44006069802731
MARK3,ENSG00000075413,1040,85.9504132231405,388,84.9015317286652,1156,87.70864946889226
CKB,ENSG00000166165,1209,99.91735537190083,457,100.0,1318,100.0
KLC1,ENSG00000126214,929,76.77685950413223,432,94.52954048140045,1254,95.14415781487102
ATP5MJ,ENSG00000156411,1170,96.69421487603306,447,97.81181619256017,1282,97.26858877086495
SIVA1,ENSG00000184990,735,60.74380165289256,161,35.22975929978118,483,36.6464339908953
NDN,ENSG00000182636,1074,88.7603305785124,316,69.14660831509846,890,67.52655538694992
PWRN4,ENSG00000260232,639,52.80991735537191,145,31.72866520787746,102,7.7389984825493165
SNRPN,ENSG00000128739,1107,91.48760330578513,438,95.84245076586433,1283,97.34446130500758
SNHG14,ENSG00000224078,1193,98.59504132231405,456,99.78118161925602,1318,100.0
TJP1,ENSG00000104067,833,68.84297520661157,222,48.57768052516411,345,26.176024279210925
KATNBL1,ENSG00000134152,930,76.85950413223141,363,79.43107221006565,1041,78.98330804248862
EMC4,ENSG00000128463,713,58.925619834710744,291,63.67614879649891,883,66.99544764795145
NOP10,ENSG00000182117,1006,83.14049586776859,352,77.02407002188184,1058,80.2731411229135
AQR,ENSG00000021776,753,62.231404958677686,268,58.64332603938731,815,61.83611532625189
CDIN1,ENSG00000186073,883,72.97520661157024,162,35.44857768052516,605,45.90288315629742
SPRED1,ENSG00000166068,934,77.1900826446281,126,27.571115973741794,533,40.44006069802732
FAM98B,ENSG00000171262,625,51.652892561983464,191,41.79431072210066,667,50.60698027314112
RASGRP1,ENSG00000172575,936,77.35537190082644,296,64.77024070021882,545,41.350531107738995
EIF2AK4,ENSG00000128829,663,54.79338842975206,145,31.72866520787746,715,54.24886191198786
SRP14,ENSG00000140319,1208,99.83471074380165,457,100.0,1316,99.84825493171472
INO80,ENSG00000128908,678,56.03305785123966,223,48.796498905908095,742,56.297420333839156
OIP5-AS1,ENSG00000247556,726,60.0,254,55.57986870897156,883,66.99544764795145
RTF1,ENSG00000137815,1117,92.31404958677686,432,94.52954048140045,1275,96.73748103186647
MGA,ENSG00000174197,667,55.12396694214876,203,44.42013129102845,727,55.15933232169955
TMEM87A,ENSG00000103978,988,81.65289256198346,320,70.02188183807439,905,68.66464339908953
TP53BP1,ENSG00000067369,681,56.28099173553719,307,67.17724288840262,1010,76.63125948406677
PDIA3,ENSG00000167004,958,79.17355371900825,336,73.52297592997812,939,71.2443095599393
SERF2,ENSG00000140264,1194,98.67768595041322,442,96.71772428884027,1238,93.93019726858877
MFAP1,ENSG00000140259,658,54.3801652892562,219,47.921225382932164,671,50.910470409711685
GOLM2,ENSG00000166734,1011,83.55371900826447,348,76.14879649890591,1003,76.10015174506829
CTDSPL2,ENSG00000137770,829,68.51239669421487,238,52.078774617067836,765,58.04248861911988
EIF3J,ENSG00000104131,860,71.07438016528926,303,66.3019693654267,953,72.30652503793627
SPG11,ENSG00000104133,632,52.231404958677686,189,41.35667396061269,572,43.39908952959029
B2M,ENSG00000166710,963,79.58677685950413,189,41.35667396061269,494,37.481031866464335
BLOC1S6,ENSG00000104164,745,61.57024793388429,251,54.92341356673961,861,65.32625189681336
SEMA6D,ENSG00000137872,618,51.074380165289256,310,67.83369803063457,1171,88.84673748103187
MYEF2,ENSG00000104177,1016,83.96694214876032,407,89.05908096280088,1192,90.44006069802731
DUT,ENSG00000128951,932,77.02479338842976,241,52.735229759299784,611,46.35811836115326
EID1,ENSG00000255302,1204,99.50413223140497,455,99.56236323851203,1312,99.54476479514416
SECISBP2L,ENSG00000138593,675,55.78512396694215,257,56.236323851203494,837,63.50531107738998
COPS2,ENSG00000166200,737,60.909090909090914,250,54.70459518599562,805,61.077389984825494
GABPB1-AS1,ENSG00000244879,1016,83.96694214876032,345,75.49234135667396,1093,82.92867981790592
USP8,ENSG00000138592,782,64.62809917355372,247,54.04814004376368,773,58.649468892261005
MAPK6,ENSG00000069956,690,57.02479338842975,342,74.83588621444201,1080,81.94233687405159
ARPP19,ENSG00000128989,1057,87.35537190082646,377,82.4945295404814,1149,87.17754172989378
RSL24D1,ENSG00000137876,1132,93.55371900826445,426,93.21663019693655,1240,94.08194233687405
ADAM10,ENSG00000137845,952,78.67768595041322,308,67.39606126914661,929,70.4855842185129
MINDY2,ENSG00000128923,745,61.57024793388429,210,45.951859956236326,731,55.46282245827011
RNF111,ENSG00000157450,788,65.12396694214875,288,63.01969365426696,902,68.43702579666162
SLTM,ENSG00000137776,1018,84.13223140495867,381,83.36980306345733,1127,85.5083459787557
GTF2A2,ENSG00000140307,912,75.37190082644628,352,77.02407002188184,1067,80.95599393019727
ICE2,ENSG00000128915,643,53.1404958677686,182,39.82494529540481,572,43.39908952959029
VPS13C,ENSG00000129003,676,55.867768595041326,237,51.85995623632385,843,63.96054628224582
TPM1,ENSG00000140416,714,59.008264462809926,296,64.77024070021882,885,67.14719271623673
RPS27L,ENSG00000185088,1200,99.17355371900827,431,94.31072210065645,1082,82.09408194233687
RAB8B,ENSG00000166128,972,80.33057851239668,359,78.55579868708972,800,60.69802731411229
CA12,ENSG00000074410,874,72.23140495867769,183,40.0437636761488,437,33.15629742033384
USP3,ENSG00000140455,1090,90.08264462809917,429,93.8730853391685,1229,93.247344461305
USP3-AS1,ENSG00000259248,635,52.47933884297521,295,64.55142231947484,837,63.50531107738998
PPIB,ENSG00000166794,1031,85.20661157024793,403,88.18380743982495,1111,84.29438543247343
ZNF609,ENSG00000180357,1170,96.69421487603306,429,93.8730853391685,1247,94.61305007587254
OAZ2,ENSG00000180304,622,51.404958677685954,233,50.984682713347915,779,59.104704097116844
PDCD7,ENSG00000090470,666,55.04132231404959,222,48.57768052516411,643,48.786039453717756
HACD3,ENSG00000074696,1102,91.07438016528926,416,91.02844638949672,1156,87.70864946889226
DENND4A,ENSG00000174485,640,52.892561983471076,251,54.92341356673961,866,65.70561456752657
RAB11A,ENSG00000103769,988,81.65289256198346,404,88.40262582056893,1173,88.99848254931715
RPL4,ENSG00000174444,1210,100.0,457,100.0,1317,99.92412746585735
MAP2K5,ENSG00000137764,844,69.75206611570248,258,56.455142231947484,721,54.7040971168437
PIAS1,ENSG00000033800,934,77.1900826446281,385,84.24507658643327,1109,84.14264036418815
CORO2B,ENSG00000103647,713,58.925619834710744,410,89.71553610503283,1279,97.04097116843703
RPLP1,ENSG00000137818,1210,100.0,457,100.0,1318,100.0
THSD4,ENSG00000187720,710,58.67768595041323,68,14.87964989059081,264,20.030349013657055
MYO9A,ENSG00000066933,909,75.12396694214875,301,65.86433260393873,1104,83.76327769347496
PKM,ENSG00000067225,1196,98.84297520661157,427,93.43544857768052,1184,89.83308042488619
ARIH1,ENSG00000166233,1104,91.2396694214876,438,95.84245076586433,1275,96.73748103186647
COX5A,ENSG00000178741,1125,92.97520661157024,434,94.9671772428884,1274,96.66160849772383
IMP3,ENSG00000177971,620,51.2396694214876,177,38.7308533916849,598,45.371775417298934
FBXO22,ENSG00000167196,730,60.33057851239669,202,44.201312910284464,680,51.593323216995444
ETFA,ENSG00000140374,831,68.67768595041322,253,55.36105032822757,815,61.83611532625189
SCAPER,ENSG00000140386,958,79.17355371900825,376,82.27571115973743,1190,90.28831562974203
RCN2,ENSG00000117906,1120,92.56198347107438,437,95.62363238512035,1239,94.0060698027314
TSPAN3,ENSG00000140391,1034,85.45454545454545,371,81.1816192560175,1089,82.62518968133536
SKIC8,ENSG00000140395,608,50.247933884297524,194,42.4507658643326,646,49.013657056145675
IREB2,ENSG00000136381,679,56.11570247933885,291,63.67614879649891,935,70.94081942336874
PSMA4,ENSG00000041357,1048,86.61157024793388,423,92.5601750547046,1214,92.1092564491654
MORF4L1,ENSG00000185787,1205,99.58677685950413,453,99.12472647702407,1312,99.54476479514416
ZFAND6,ENSG00000086666,918,75.86776859504131,367,80.30634573304157,1088,82.54931714719271
MESD,ENSG00000117899,752,62.14876033057851,269,58.86214442013129,738,55.9939301972686
RPS17,ENSG00000182774,1210,100.0,457,100.0,1318,100.0
HDGFL3,ENSG00000166503,1038,85.78512396694215,416,91.02844638949672,1239,94.0060698027314
SEC11A,ENSG00000140612,1000,82.64462809917356,367,80.30634573304157,1005,76.25189681335357
AKAP13,ENSG00000170776,937,77.43801652892563,322,70.45951859956236,997,75.64491654021245
MIR9-3HG,ENSG00000255571,641,52.97520661157024,270,59.08096280087527,499,37.86039453717754
IDH2,ENSG00000182054,698,57.68595041322314,260,56.89277899343544,671,50.910470409711685
NGRN,ENSG00000182768,1060,87.60330578512396,416,91.02844638949672,1235,93.70257966616084
CHASERR,ENSG00000272888,1198,99.00826446280992,441,96.49890590809628,1274,96.66160849772383
RGMA,ENSG00000182175,687,56.776859504132226,213,46.608315098468275,608,46.13050075872534
ENSG00000257060,ENSG00000257060,617,50.99173553719009,182,39.82494529540481,257,19.499241274658573
IGF1R,ENSG00000140443,883,72.97520661157024,413,90.37199124726477,1212,91.95751138088012
MEF2A,ENSG00000068305,965,79.75206611570248,336,73.52297592997812,950,72.07890743550834
SELENOS,ENSG00000131871,746,61.65289256198348,236,51.64113785557986,756,57.35963581183612
SNRPA1,ENSG00000131876,866,71.5702479338843,274,59.95623632385121,945,71.69954476479515
LUC7L,ENSG00000007392,901,74.46280991735537,378,82.71334792122538,1102,83.61153262518968
MRPL28,ENSG00000086504,655,54.132231404958674,230,50.32822757111597,687,52.12443095599393
NME4,ENSG00000103202,935,77.27272727272727,314,68.7089715536105,816,61.91198786039453
RAB11FIP3,ENSG00000090565,652,53.884297520661164,241,52.735229759299784,807,61.229135053110774
STUB1,ENSG00000103266,701,57.93388429752066,213,46.608315098468275,809,61.38088012139605
METRN,ENSG00000103260,781,64.54545454545455,59,12.910284463894966,63,4.779969650986343
UBE2I,ENSG00000103275,1056,87.27272727272727,399,87.30853391684902,1134,86.03945371775417
NME3,ENSG00000103024,753,62.231404958677686,209,45.73304157549234,747,56.676783004552355
MRPS34,ENSG00000074071,892,73.71900826446281,278,60.83150984682714,938,71.16843702579666
NDUFB10,ENSG00000140990,1073,88.67768595041322,409,89.49671772428884,1252,94.99241274658573
RPS2,ENSG00000140988,1210,100.0,457,100.0,1318,100.0
ECI1,ENSG00000167969,769,63.553719008264466,196,42.88840262582057,241,18.28528072837633
RNPS1,ENSG00000205937,927,76.61157024793388,309,67.6148796498906,920,69.80273141122913
ATP6V0C,ENSG00000185883,939,77.60330578512396,403,88.18380743982495,1213,92.03338391502275
ELOB,ENSG00000103363,1194,98.67768595041322,451,98.6870897155361,1318,100.0
PAM16,ENSG00000217930,713,58.925619834710744,272,59.51859956236324,943,71.54779969650986
CARHSP1,ENSG00000153048,1031,85.20661157024793,348,76.14879649890591,1067,80.95599393019727
RSL1D1,ENSG00000171490,971,80.24793388429752,307,67.17724288840262,792,60.09104704097117
GSPT1,ENSG00000103342,889,73.47107438016529,318,69.58424507658644,1025,77.76934749620638
PDXDC1,ENSG00000179889,743,61.40495867768595,260,56.89277899343544,882,66.9195751138088
BMERB1,ENSG00000166780,1003,82.89256198347107,391,85.55798687089715,1204,91.350531107739
XYLT1,ENSG00000103489,961,79.42148760330579,221,48.35886214442014,243,18.437025796661608
RPS15A,ENSG00000134419,1210,100.0,457,100.0,1318,100.0
ARL6IP1,ENSG00000170540,901,74.46280991735537,380,83.15098468271334,1227,93.09559939301973
SMG1,ENSG00000157106,727,60.08264462809917,252,55.14223194748359,836,63.42943854324734
KNOP1,ENSG00000103550,748,61.81818181818181,276,60.393873085339166,860,65.25037936267071
THUMPD1,ENSG00000066654,689,56.94214876033058,213,46.608315098468275,667,50.60698027314112
METTL9,ENSG00000197006,1078,89.0909090909091,398,87.08971553610503,1185,89.90895295902884
UQCRC2,ENSG00000140740,953,78.7603305785124,364,79.64989059080962,1076,81.63884673748103
MOSMO,ENSG00000185716,634,52.396694214876035,209,45.73304157549234,754,57.207890743550834
NDUFAB1,ENSG00000004779,1066,88.09917355371901,392,85.77680525164114,1206,91.50227617602428
RBBP6,ENSG00000122257,891,73.63636363636363,325,71.11597374179432,952,72.23065250379362
TNRC6A,ENSG00000090905,1192,98.51239669421487,445,97.3741794310722,1312,99.54476479514416
LCMT1,ENSG00000205629,646,53.388429752066116,233,50.984682713347915,801,60.77389984825493
ATXN2L,ENSG00000168488,609,50.3305785123967,187,40.91903719912472,655,49.69650986342944
TUFM,ENSG00000178952,902,74.54545454545455,293,64.11378555798687,944,71.6236722306525
MAZ,ENSG00000103495,813,67.1900826446281,257,56.236323851203494,820,62.2154779969651
TMEM219,ENSG00000149932,722,59.6694214876033,183,40.0437636761488,779,59.104704097116844
PPP4C,ENSG00000149923,768,63.47107438016529,289,63.23851203501094,896,67.98179059180576
VKORC1,ENSG00000167397,815,67.35537190082644,315,68.9277899343545,968,73.44461305007587
FUS,ENSG00000089280,1157,95.6198347107438,435,95.18599562363238,1231,93.39908952959028
VPS35,ENSG00000069329,851,70.33057851239668,324,70.89715536105032,1025,77.76934749620638
C16orf87,ENSG00000155330,797,65.86776859504133,243,53.17286652078774,878,66.61608497723824
DNAJA2,ENSG00000069345,709,58.595041322314046,245,53.610503282275715,777,58.952959028831565
NETO2,ENSG00000171208,690,57.02479338842975,211,46.17067833698031,885,67.14719271623673
ITFG1,ENSG00000129636,1081,89.33884297520662,403,88.18380743982495,1204,91.350531107739
PHKB,ENSG00000102893,767,63.38842975206611,265,57.98687089715536,985,74.73444613050076
LONP2,ENSG00000102910,822,67.93388429752066,280,61.2691466083151,901,68.36115326251897
SIAH1,ENSG00000196470,705,58.26446280991735,300,65.64551422319475,879,66.69195751138088
N4BP1,ENSG00000102921,614,50.743801652892564,258,56.455142231947484,874,66.31259484066769
BRD7,ENSG00000166164,1008,83.30578512396694,337,73.7417943107221,983,74.58270106221548
SALL1,ENSG00000103449,815,67.35537190082644,122,26.695842450765866,35,2.6555386949924125
ENSG00000285367,ENSG00000285367,613,50.66115702479339,99,21.663019693654267,33,2.503793626707132
TOX3,ENSG00000103460,732,60.49586776859505,289,63.23851203501094,253,19.195751138088013
FTO,ENSG00000140718,850,70.24793388429752,301,65.86433260393873,992,75.26555386949924
GNAO1,ENSG00000087258,741,61.239669421487605,285,62.36323851203501,1144,86.79817905918058
NUDT21,ENSG00000167005,720,59.50413223140496,208,45.51422319474836,709,53.79362670713201
PSME3IP1,ENSG00000172775,635,52.47933884297521,258,56.455142231947484,848,64.33990895295902
ARL2BP,ENSG00000102931,605,50.0,209,45.73304157549234,842,63.88467374810318
ADGRG1,ENSG00000205336,782,64.62809917355372,334,73.08533916849015,801,60.77389984825493
CFAP20,ENSG00000070761,637,52.64462809917355,166,36.32385120350109,606,45.97875569044006
CSNK2A2,ENSG00000070770,637,52.64462809917355,217,47.4835886214442,691,52.42792109256449
DYNC1LI2,ENSG00000135720,880,72.72727272727273,381,83.36980306345733,1070,81.18361153262519
NAE1,ENSG00000159593,883,72.97520661157024,297,64.98905908096279,905,68.66464339908953
CIAO2B,ENSG00000166595,1037,85.70247933884298,401,87.74617067833698,1245,94.46130500758724
NUTF2,ENSG00000102898,654,54.049586776859506,236,51.64113785557986,703,53.338391502276174
NFATC3,ENSG00000072736,715,59.09090909090909,225,49.23413566739606,575,43.62670713201821
NFAT5,ENSG00000102908,909,75.12396694214875,308,67.39606126914661,1006,76.32776934749621
AP1G1,ENSG00000166747,634,52.396694214876035,212,46.389496717724285,720,54.62822458270106
IST1,ENSG00000182149,744,61.48760330578512,279,61.050328227571114,792,60.09104704097117
ZNF821,ENSG00000102984,617,50.99173553719009,286,62.58205689277899,876,66.46433990895297
PSMD7,ENSG00000103035,1038,85.78512396694215,387,84.68271334792122,1105,83.8391502276176
GLG1,ENSG00000090863,979,80.9090909090909,379,82.93216630196937,1125,85.35660091047042
ZNRF1,ENSG00000186187,640,52.892561983471076,345,75.49234135667396,1157,87.78452200303491
CFDP1,ENSG00000153774,1134,93.71900826446281,416,91.02844638949672,1244,94.38543247344461
GABARAPL2,ENSG00000034713,1075,88.84297520661157,429,93.8730853391685,1263,95.82701062215479
TERF2IP,ENSG00000166848,1041,86.03305785123968,440,96.2800875273523,1309,99.31714719271623
GCSH,ENSG00000140905,978,80.82644628099173,226,49.45295404814004,813,61.68437025796661
PLCG2,ENSG00000197943,783,64.7107438016529,358,78.33698030634574,949,72.00303490136571
HSBP1,ENSG00000230989,1158,95.70247933884298,438,95.84245076586433,1265,95.97875569044007
USP10,ENSG00000103194,780,64.46280991735537,293,64.11378555798687,870,66.00910470409713
COX4I1,ENSG00000131143,1209,99.91735537190083,456,99.78118161925602,1318,100.0
MAP1LC3B,ENSG00000140941,827,68.34710743801654,374,81.83807439824945,1055,80.04552352048559
APRT,ENSG00000198931,681,56.28099173553719,170,37.199124726477024,628,47.64795144157815
SPG7,ENSG00000197912,669,55.289256198347104,205,44.85776805251641,651,49.39301972685888
RPL13,ENSG00000167526,1210,100.0,457,100.0,1318,100.0
TCF25,ENSG00000141002,1053,87.02479338842976,383,83.80743982494529,1096,83.15629742033383
TUBB3,ENSG00000258947,1152,95.20661157024793,452,98.90590809628009,1318,100.0
VPS53,ENSG00000141252,682,56.36363636363636,247,54.04814004376368,919,69.7268588770865
GLOD4,ENSG00000167699,676,55.867768595041326,187,40.91903719912472,675,51.213960546282244
NXN,ENSG00000167693,835,69.00826446280992,307,67.17724288840262,716,54.3247344461305
METTL16,ENSG00000127804,876,72.39669421487604,235,51.42231947483589,814,61.76024279210925
PAFAH1B1,ENSG00000007168,1139,94.13223140495867,442,96.71772428884027,1291,97.95144157814872
EMC6,ENSG00000127774,825,68.18181818181817,258,56.455142231947484,783,59.408194233687404
UBE2G1,ENSG00000132388,736,60.82644628099173,303,66.3019693654267,922,69.95447647951441
PSMB6,ENSG00000142507,1073,88.67768595041322,408,89.27789934354486,1170,88.77086494688923
PFN1,ENSG00000108518,1082,89.42148760330578,360,78.7746170678337,1084,82.24582701062215
SPAG7,ENSG00000091640,704,58.18181818181818,191,41.79431072210066,663,50.30349013657056
RABEP1,ENSG00000029725,868,71.73553719008264,342,74.83588621444201,1066,80.88012139605463
RPAIN,ENSG00000129197,1030,85.12396694214877,445,97.3741794310722,1279,97.04097116843703
C1QBP,ENSG00000108561,961,79.42148760330579,323,70.67833698030634,1098,83.30804248861912
TXNDC17,ENSG00000129235,700,57.85123966942148,248,54.26695842450766,907,68.81638846737481
RNASEK,ENSG00000219200,1117,92.31404958677686,431,94.31072210065645,1269,96.28224582701063
C17orf49,ENSG00000258315,804,66.44628099173553,262,57.330415754923415,937,71.09256449165402
GABARAP,ENSG00000170296,1195,98.7603305785124,454,99.34354485776805,1308,99.2412746585736
CTDNEP1,ENSG00000175826,645,53.30578512396694,230,50.32822757111597,760,57.66312594840668
TMEM256,ENSG00000205544,649,53.63636363636364,198,43.32603938730853,631,47.87556904400607
EIF4A1,ENSG00000161960,1206,99.6694214876033,457,100.0,1318,100.0
SAT2,ENSG00000141504,1008,83.30578512396694,392,85.77680525164114,1173,88.99848254931715
ATP1B2,ENSG00000129244,761,62.892561983471076,76,16.630196936542667,252,19.119878603945374
NAA38,ENSG00000183011,920,76.03305785123968,285,62.36323851203501,718,54.47647951441578
TRAPPC1,ENSG00000170043,846,69.91735537190083,293,64.11378555798687,986,74.81031866464339
RPL26,ENSG00000161970,1210,100.0,457,100.0,1318,100.0
STX8,ENSG00000170310,755,62.396694214876035,231,50.54704595185996,863,65.47799696509864
MAP2K4,ENSG00000065559,841,69.50413223140495,331,72.42888402625822,985,74.73444613050076
ZSWIM7,ENSG00000214941,671,55.45454545454545,201,43.98249452954048,652,49.46889226100152
TTC19,ENSG00000011295,963,79.58677685950413,330,72.21006564551422,999,75.79666160849773
CENPV,ENSG00000166582,1165,96.28099173553719,435,95.18599562363238,1266,96.0546282245827
UBB,ENSG00000170315,1098,90.74380165289256,427,93.43544857768052,1207,91.57814871016691
SNHG29,ENSG00000175061,1210,100.0,457,100.0,1312,99.54476479514416
COPS3,ENSG00000141030,673,55.619834710743795,229,50.10940919037199,801,60.77389984825493
PRPSAP2,ENSG00000141127,656,54.21487603305785,277,60.61269146608315,943,71.54779969650986
EPN2,ENSG00000072134,850,70.24793388429752,286,62.58205689277899,977,74.12746585735962
CCDC144NL-AS1,ENSG00000233098,1000,82.64462809917356,360,78.7746170678337,992,75.26555386949924
USP22,ENSG00000124422,1002,82.8099173553719,427,93.43544857768052,1243,94.30955993930196
WSB1,ENSG00000109046,1198,99.00826446280992,449,98.24945295404814,1297,98.40667678300456
NLK,ENSG00000087095,621,51.32231404958678,243,53.17286652078774,811,61.53262518968133
TMEM97,ENSG00000109084,665,54.958677685950406,216,47.26477024070022,558,42.33687405159332
RPL23A,ENSG00000198242,1210,100.0,457,100.0,1316,99.84825493171472
NUFIP2,ENSG00000108256,907,74.95867768595042,297,64.98905908096279,891,67.60242792109257
SSH2,ENSG00000141298,1041,86.03305785123968,414,90.59080962800876,1264,95.90288315629742
NSRP1,ENSG00000126653,948,78.34710743801652,281,61.48796498905909,821,62.29135053110774
GOSR1,ENSG00000108587,806,66.61157024793388,275,60.17505470459519,808,61.305007587253414
ENSG00000214719,ENSG00000214719,759,62.727272727272734,207,45.29540481400438,606,45.97875569044006
CRLF3,ENSG00000176390,804,66.44628099173553,240,52.516411378555794,884,67.07132018209408
SUZ12,ENSG00000178691,921,76.11570247933884,312,68.27133479212254,866,65.70561456752657
RHOT1,ENSG00000126858,705,58.26446280991735,255,55.798687089715536,817,61.98786039453717
ZNF207,ENSG00000010244,922,76.19834710743801,337,73.7417943107221,979,74.27921092564492
TMEM98,ENSG00000006042,766,63.30578512396694,236,51.64113785557986,465,35.28072837632777
RFFL,ENSG00000092871,725,59.917355371900825,189,41.35667396061269,645,48.937784522003035
AP2B1,ENSG00000006125,1014,83.80165289256199,382,83.58862144420132,1182,89.68133535660091
TAF15,ENSG00000270647,1094,90.41322314049587,423,92.5601750547046,1167,88.5432473444613
ZNHIT3,ENSG00000273611,720,59.50413223140496,233,50.984682713347915,864,65.55386949924127
ACACA,ENSG00000278540,843,69.66942148760332,270,59.08096280087527,975,73.97572078907434
SYNRG,ENSG00000275066,662,54.710743801652896,267,58.42450765864332,829,62.89833080424886
DDX52,ENSG00000278053,760,62.8099173553719,263,57.54923413566739,766,58.11836115326252
PSMB3,ENSG00000277791,977,80.74380165289257,357,78.11816192560175,1109,84.14264036418815
RPL23,ENSG00000125691,1210,100.0,457,100.0,1318,100.0
RPL19,ENSG00000108298,1210,100.0,457,100.0,1318,100.0
FBXL20,ENSG00000108306,856,70.74380165289256,351,76.80525164113786,939,71.2443095599393
CDK12,ENSG00000167258,692,57.190082644628106,247,54.04814004376368,909,68.96813353566009
PSMD3,ENSG00000108344,645,53.30578512396694,215,47.04595185995623,765,58.04248861911988
MSL1,ENSG00000188895,706,58.34710743801653,226,49.45295404814004,766,58.11836115326252
CASC3,ENSG00000108349,612,50.57851239669422,216,47.26477024070022,769,58.34597875569044
SMARCE1,ENSG00000073584,939,77.60330578512396,405,88.62144420131291,1171,88.84673748103187
KRT10,ENSG00000186395,978,80.82644628099173,320,70.02188183807439,981,74.4309559939302
EIF1,ENSG00000173812,1207,99.75206611570248,457,100.0,1318,100.0
FKBP10,ENSG00000141756,785,64.87603305785123,98,21.444201312910284,25,1.896813353566009
DNAJC7,ENSG00000168259,870,71.900826446281,321,70.24070021881839,908,68.89226100151745
RAB5C,ENSG00000108774,738,60.99173553719008,266,58.20568927789934,879,66.69195751138088
COA3,ENSG00000183978,710,58.67768595041323,222,48.57768052516411,747,56.676783004552355
RPL27,ENSG00000131469,1210,100.0,457,100.0,1318,100.0
GPATCH8,ENSG00000186566,1075,88.84297520661157,389,85.12035010940919,1163,88.23975720789075
FZD2,ENSG00000180340,642,53.05785123966942,158,34.57330415754923,258,19.575113808801213
EFTUD2,ENSG00000108883,666,55.04132231404959,155,33.91684901531728,537,40.743550834597876
GOSR2,ENSG00000108433,615,50.82644628099173,200,43.7636761487965,725,55.00758725341427
CDC27,ENSG00000004897,700,57.85123966942148,269,58.86214442013129,897,68.05766312594841
NPEPPS,ENSG00000141279,919,75.9504132231405,351,76.80525164113786,1057,80.19726858877087
KPNB1,ENSG00000108424,1065,88.01652892561982,347,75.92997811816193,1084,82.24582701062215
ATP5MC1,ENSG00000159199,793,65.53719008264463,248,54.26695842450766,977,74.12746585735962
SNF8,ENSG00000159210,685,56.611570247933884,280,61.2691466083151,919,69.7268588770865
IGF2BP1,ENSG00000159217,732,60.49586776859505,283,61.925601750547045,748,56.752655538694995
ZNF652,ENSG00000198740,660,54.54545454545454,252,55.14223194748359,857,65.0227617602428
SPOP,ENSG00000121067,681,56.28099173553719,244,53.39168490153173,898,68.13353566009106
MRPL27,ENSG00000108826,762,62.97520661157024,237,51.85995623632385,795,60.31866464339909
LUC7L3,ENSG00000108848,1170,96.69421487603306,444,97.15536105032822,1277,96.88922610015175
SPAG9,ENSG00000008294,1022,84.46280991735537,421,92.12253829321662,1206,91.50227617602428
NME1,ENSG00000239672,1057,87.35537190082646,370,80.96280087527352,1155,87.63277693474963
NME2,ENSG00000243678,1193,98.59504132231405,437,95.62363238512035,1270,96.35811836115326
MBTD1,ENSG00000011258,768,63.47107438016529,280,61.2691466083151,858,65.09863429438543
COX11,ENSG00000166260,605,50.0,213,46.608315098468275,667,50.60698027314112
STXBP4,ENSG00000166263,653,53.96694214876033,207,45.29540481400438,555,42.1092564491654
COIL,ENSG00000121058,651,53.80165289256198,185,40.48140043763676,686,52.04855842185129
MSI2,ENSG00000153944,1178,97.35537190082646,447,97.81181619256017,1235,93.70257966616084
MRPS23,ENSG00000181610,650,53.71900826446281,216,47.26477024070022,671,50.910470409711685
SUPT4H1,ENSG00000213246,667,55.12396694214876,249,54.48577680525164,753,57.132018209408194
TEX14,ENSG00000121101,859,70.99173553719008,312,68.27133479212254,871,66.08497723823976
PPM1E,ENSG00000175175,876,72.39669421487604,370,80.96280087527352,1148,87.10166919575114
TRIM37,ENSG00000108395,641,52.97520661157024,168,36.76148796498906,757,57.43550834597876
SKA2,ENSG00000182628,933,77.10743801652893,341,74.61706783369803,1004,76.17602427921094
DHX40,ENSG00000108406,938,77.52066115702479,238,52.078774617067836,663,50.30349013657056
PTRH2,ENSG00000141378,721,59.586776859504134,223,48.796498905908095,729,55.31107738998483
VMP1,ENSG00000062716,767,63.38842975206611,294,64.33260393873084,922,69.95447647951441
USP32,ENSG00000170832,781,64.54545454545455,270,59.08096280087527,934,70.8649468892261
APPBP2,ENSG00000062725,805,66.52892561983471,251,54.92341356673961,820,62.2154779969651
BCAS3,ENSG00000141376,722,59.6694214876033,283,61.925601750547045,880,66.76783004552352
MRC2,ENSG00000011028,684,56.528925619834716,44,9.62800875273523,74,5.614567526555387
DCAF7,ENSG00000136485,858,70.9090909090909,332,72.64770240700219,1075,81.56297420333838
CCDC47,ENSG00000108588,754,62.314049586776854,195,42.669584245076585,669,50.758725341426405
DDX42,ENSG00000198231,666,55.04132231404959,204,44.63894967177243,697,52.88315629742033
DDX5,ENSG00000108654,1205,99.58677685950413,456,99.78118161925602,1316,99.84825493171472
CEP95,ENSG00000258890,696,57.52066115702479,246,53.82932166301969,827,62.74658573596358
SMURF2,ENSG00000108854,864,71.40495867768595,347,75.92997811816193,1010,76.63125948406677
HELZ,ENSG00000198265,839,69.33884297520662,299,65.42669584245077,926,70.25796661608497
PITPNC1,ENSG00000154217,730,60.33057851239669,326,71.33479212253829,1116,84.67374810318664
MAP2K6,ENSG00000108984,730,60.33057851239669,132,28.88402625820569,583,44.23368740515933
SOX9,ENSG00000125398,1093,90.3305785123967,143,31.291028446389497,279,21.16843702579666
LINC00511,ENSG00000227036,1109,91.65289256198346,328,71.77242888402627,746,56.600910470409715
SDK2,ENSG00000069188,969,80.08264462809917,144,31.50984682713348,101,7.663125948406677
RPL38,ENSG00000172809,1210,100.0,457,100.0,1318,100.0
ATP5PD,ENSG00000167863,1023,84.54545454545455,360,78.7746170678337,1149,87.17754172989378
NT5C,ENSG00000125458,650,53.71900826446281,168,36.76148796498906,231,17.526555386949923
JPT1,ENSG00000189159,1199,99.0909090909091,457,100.0,1318,100.0
SUMO2,ENSG00000188612,1208,99.83471074380165,457,100.0,1318,100.0
MRPS7,ENSG00000125445,734,60.66115702479339,236,51.64113785557986,702,53.262518968133534
GRB2,ENSG00000177885,609,50.3305785123967,285,62.36323851203501,1011,76.7071320182094
SAP30BP,ENSG00000161526,612,50.57851239669422,208,45.51422319474836,554,42.03338391502276
PRPSAP1,ENSG00000161542,624,51.570247933884296,159,34.79212253829322,502,38.08801213960547
SNHG16,ENSG00000163597,1015,83.88429752066115,294,64.33260393873084,822,62.36722306525038
SRSF2,ENSG00000161547,952,78.67768595041322,343,75.054704595186,946,71.77541729893778
SEPTIN9,ENSG00000184640,774,63.96694214876033,245,53.610503282275715,658,49.92412746585736
TBC1D16,ENSG00000167291,649,53.63636363636364,346,75.71115973741794,827,62.74658573596358
EIF4A3,ENSG00000141543,800,66.11570247933885,264,57.76805251641138,858,65.09863429438543
RPTOR,ENSG00000141564,693,57.27272727272727,240,52.516411378555794,777,58.952959028831565
NDUFAF8,ENSG00000224877,669,55.289256198347104,176,38.51203501094092,464,35.204855842185125
ACTG1,ENSG00000184009,1210,100.0,457,100.0,1318,100.0
MCRIP1,ENSG00000225663,740,61.15702479338842,266,58.20568927789934,919,69.7268588770865
P4HB,ENSG00000185624,811,67.02479338842974,242,52.95404814004377,716,54.3247344461305
ANAPC11,ENSG00000141552,1113,91.98347107438016,393,85.99562363238512,1203,91.27465857359635
DCXR,ENSG00000169738,678,56.03305785123966,170,37.199124726477024,479,36.34294385432473
NARF,ENSG00000141562,761,62.892561983471076,350,76.58643326039387,1104,83.76327769347496
FOXK2,ENSG00000141568,779,64.3801652892562,296,64.77024070021882,918,69.65098634294385
WDR45B,ENSG00000141580,774,63.96694214876033,251,54.92341356673961,739,56.06980273141124
TBCD,ENSG00000141556,620,51.2396694214876,164,35.886214442013134,479,36.34294385432473
USP14,ENSG00000101557,851,70.33057851239668,325,71.11597374179432,930,70.56145675265554
THOC1,ENSG00000079134,828,68.4297520661157,277,60.61269146608315,813,61.68437025796661
YES1,ENSG00000176105,653,53.96694214876033,210,45.951859956236326,442,33.53566009104704
SMCHD1,ENSG00000101596,1002,82.8099173553719,355,77.68052516411379,1056,80.12139605462822
MYL12A,ENSG00000101608,628,51.90082644628099,142,31.072210065645518,400,30.349013657056144
MYL12B,ENSG00000118680,972,80.33057851239668,415,90.80962800875274,1222,92.71623672230652
PTPRM,ENSG00000173482,994,82.14876033057851,178,38.949671772428886,510,38.694992412746586
NDUFV2,ENSG00000178127,1074,88.7603305785124,396,86.65207877461707,1152,87.4051593323217
ANKRD12,ENSG00000101745,1164,96.19834710743802,441,96.49890590809628,1301,98.71016691957512
PPP4R1,ENSG00000154845,610,50.413223140495866,197,43.10722100656455,690,52.35204855842185
VAPA,ENSG00000101558,1100,90.9090909090909,415,90.80962800875274,1248,94.68892261001517
SPIRE1,ENSG00000134278,1163,96.11570247933884,439,96.06126914660832,1312,99.54476479514416
PSMG2,ENSG00000128789,773,63.88429752066116,264,57.76805251641138,806,61.153262518968134
LDLRAD4,ENSG00000168675,698,57.68595041322314,295,64.55142231947484,689,52.27617602427921
RNMT,ENSG00000101654,1005,83.05785123966942,383,83.80743982494529,1109,84.14264036418815
ROCK1,ENSG00000067900,976,80.66115702479338,401,87.74617067833698,1140,86.49468892261002
SNRPD1,ENSG00000167088,1128,93.22314049586777,407,89.05908096280088,1191,90.36418816388468
ABHD3,ENSG00000158201,779,64.3801652892562,82,17.943107221006567,178,13.505311077389983
TTC39C,ENSG00000168234,609,50.3305785123967,217,47.4835886214442,669,50.758725341426405
OSBPL1A,ENSG00000141447,678,56.03305785123966,131,28.665207877461707,651,49.39301972685888
ZNF521,ENSG00000198795,864,71.40495867768595,132,28.88402625820569,145,11.001517450682853
SS18,ENSG00000141380,681,56.28099173553719,167,36.542669584245075,532,40.36418816388468
GAREM1,ENSG00000141441,737,60.909090909090914,151,33.04157549234136,917,69.57511380880122
DTNA,ENSG00000134769,862,71.2396694214876,262,57.330415754923415,1097,83.23216995447648
MAPRE2,ENSG00000166974,767,63.38842975206611,309,67.6148796498906,1095,83.0804248861912
ZNF24,ENSG00000172466,798,65.95041322314049,269,58.86214442013129,867,65.7814871016692
GALNT1,ENSG00000141429,877,72.47933884297521,334,73.08533916849015,959,72.7617602427921
RPRD1A,ENSG00000141425,977,80.74380165289257,332,72.64770240700219,1035,78.52807283763278
SLC39A6,ENSG00000141424,677,55.950413223140494,312,68.27133479212254,1007,76.40364188163885
FHOD3,ENSG00000134775,1153,95.2892561983471,389,85.12035010940919,1190,90.28831562974203
TPGS2,ENSG00000134779,814,67.27272727272727,299,65.42669584245077,983,74.58270106221548
KIAA1328,ENSG00000150477,814,67.27272727272727,273,59.73741794310722,880,66.76783004552352
ATP5F1A,ENSG00000152234,1172,96.8595041322314,446,97.59299781181619,1284,97.42033383915023
HAUS1,ENSG00000152240,703,58.099173553719005,208,45.51422319474836,629,47.72382397572079
PIAS2,ENSG00000078043,681,56.28099173553719,183,40.0437636761488,686,52.04855842185129
HDHD2,ENSG00000167220,646,53.388429752066116,203,44.42013129102845,671,50.910470409711685
IER3IP1,ENSG00000134049,739,61.074380165289256,213,46.608315098468275,681,51.66919575113808
SMAD2,ENSG00000175387,829,68.51239669421487,291,63.67614879649891,978,74.20333839150227
DYM,ENSG00000141627,819,67.68595041322314,280,61.2691466083151,924,70.10622154779969
C18orf32,ENSG00000177576,1056,87.27272727272727,430,94.09190371991247,1269,96.28224582701063
RPL17,ENSG00000265681,1210,100.0,457,100.0,1318,100.0
MAPK4,ENSG00000141639,704,58.18181818181818,140,30.63457330415755,329,24.96206373292868
ME2,ENSG00000082212,676,55.867768595041326,271,59.29978118161926,883,66.99544764795145
MBD2,ENSG00000134046,657,54.29752066115703,269,58.86214442013129,724,54.93171471927162
TXNL1,ENSG00000091164,1067,88.18181818181819,382,83.58862144420132,1156,87.70864946889226
WDR7,ENSG00000091157,658,54.3801652892562,215,47.04595185995623,874,66.31259484066769
NARS1,ENSG00000134440,815,67.35537190082644,255,55.798687089715536,929,70.4855842185129
NEDD4L,ENSG00000049759,1194,98.67768595041322,457,100.0,1300,98.63429438543247
SEC11C,ENSG00000166562,850,70.24793388429752,397,86.87089715536105,1206,91.50227617602428
CDH20,ENSG00000101542,782,64.62809917355372,107,23.413566739606125,365,27.693474962063735
KDSR,ENSG00000119537,622,51.404958677685954,164,35.886214442013134,504,38.23975720789075
DOK6,ENSG00000206052,975,80.57851239669421,302,66.08315098468272,1190,90.28831562974203
ZNF407,ENSG00000215421,689,56.94214876033058,268,58.64332603938731,800,60.69802731411229
ATP9B,ENSG00000166377,938,77.52066115702479,287,62.80087527352297,799,60.62215477996965
TXNL4A,ENSG00000141759,950,78.51239669421489,388,84.9015317286652,1136,86.19119878603946
CDC34,ENSG00000099804,676,55.867768595041326,258,56.455142231947484,540,40.971168437025796
BSG,ENSG00000172270,1069,88.34710743801652,422,92.34135667396062,1148,87.10166919575114
PTBP1,ENSG00000011304,641,52.97520661157024,180,39.38730853391685,390,29.590288315629742
POLR2E,ENSG00000099817,689,56.94214876033058,190,41.57549234135667,633,48.02731411229135
GPX4,ENSG00000167468,1165,96.28099173553719,419,91.68490153172867,1167,88.5432473444613
ATP5F1D,ENSG00000099624,1146,94.7107438016529,413,90.37199124726477,1202,91.19878603945372
MIDN,ENSG00000167470,707,58.429752066115704,313,68.49015317286651,993,75.34142640364189
CIRBP,ENSG00000099622,1198,99.00826446280992,449,98.24945295404814,1293,98.103186646434
NDUFS7,ENSG00000115286,817,67.52066115702479,277,60.61269146608315,996,75.5690440060698
GAMT,ENSG00000130005,605,50.0,104,22.75711159737418,507,38.46737481031867
RPS15,ENSG00000115268,1210,100.0,457,100.0,1318,100.0
UQCR11,ENSG00000127540,1145,94.62809917355372,430,94.09190371991247,1263,95.82701062215479
TCF3,ENSG00000071564,743,61.40495867768595,337,73.7417943107221,764,57.96661608497724
PLEKHJ1,ENSG00000104886,628,51.90082644628099,258,56.455142231947484,738,55.9939301972686
OAZ1,ENSG00000104904,1174,97.02479338842976,448,98.03063457330416,1296,98.33080424886191
LSM7,ENSG00000130332,1111,91.81818181818183,420,91.90371991247265,1184,89.83308042488619
TIMM13,ENSG00000099800,918,75.86776859504131,270,59.08096280087527,868,65.85735963581185
TLE5,ENSG00000104964,1054,87.10743801652893,416,91.02844638949672,1207,91.57814871016691
MRPL54,ENSG00000183617,688,56.85950413223141,207,45.29540481400438,650,49.317147192716234
EEF2,ENSG00000167658,1207,99.75206611570248,452,98.90590809628009,1306,99.08952959028832
MAP2K2,ENSG00000126934,891,73.63636363636363,322,70.45951859956236,992,75.26555386949924
MYDGF,ENSG00000074842,726,60.0,232,50.76586433260394,648,49.165402124430955
SAFB,ENSG00000160633,751,62.066115702479344,299,65.42669584245077,867,65.7814871016692
RPL36,ENSG00000130255,1210,100.0,457,100.0,1318,100.0
MICOS13,ENSG00000174917,647,53.471074380165284,198,43.32603938730853,741,56.221547799696516
NDUFA11,ENSG00000174886,1065,88.01652892561982,392,85.77680525164114,1154,87.55690440060698
RFX2,ENSG00000087903,645,53.30578512396694,76,16.630196936542667,323,24.506828528072838
CLPP,ENSG00000125656,623,51.48760330578512,210,45.951859956236326,746,56.600910470409715
ALKBH7,ENSG00000125652,745,61.57024793388429,252,55.14223194748359,850,64.4916540212443
KHSRP,ENSG00000088247,672,55.53719008264463,220,48.14004376367615,673,51.062215477996965
PET100,ENSG00000229833,1026,84.79338842975207,403,88.18380743982495,1175,89.15022761760243
TRAPPC5,ENSG00000181029,743,61.40495867768595,273,59.73741794310722,907,68.81638846737481
ELAVL1,ENSG00000066044,849,70.16528925619835,289,63.23851203501094,831,63.05007587253414
NDUFA7,ENSG00000267855,950,78.51239669421489,331,72.42888402625822,1013,76.85887708649469
RPS28,ENSG00000233927,1210,100.0,457,100.0,1318,100.0
HNRNPM,ENSG00000099783,1124,92.89256198347108,434,94.9671772428884,1167,88.5432473444613
UBL5,ENSG00000198258,1183,97.76859504132231,449,98.24945295404814,1291,97.95144157814872
PIN1,ENSG00000127445,629,51.98347107438016,277,60.61269146608315,788,59.78755690440061
OLFM2,ENSG00000105088,827,68.34710743801654,344,75.27352297592998,1179,89.45371775417298
DNMT1,ENSG00000130816,629,51.98347107438016,198,43.32603938730853,701,53.186646433990894
ILF3,ENSG00000129351,1027,84.87603305785125,383,83.80743982494529,1134,86.03945371775417
WDR83OS,ENSG00000105583,1045,86.36363636363636,389,85.12035010940919,1059,80.34901365705615
DHPS,ENSG00000095059,684,56.528925619834716,257,56.236323851203494,1013,76.85887708649469
TRIR,ENSG00000123144,1095,90.49586776859503,433,94.74835886214443,1240,94.08194233687405
PRDX2,ENSG00000167815,1201,99.25619834710744,454,99.34354485776805,1304,98.93778452200304
CALR,ENSG00000179218,946,78.18181818181819,380,83.15098468271334,911,69.11987860394537
RAD23A,ENSG00000179262,830,68.59504132231406,261,57.11159737417943,751,56.980273141122915
GADD45GIP1,ENSG00000179271,993,82.06611570247934,369,80.74398249452955,968,73.44461305007587
IER2,ENSG00000160888,758,62.64462809917355,255,55.798687089715536,778,59.028831562974204
C19orf53,ENSG00000104979,1028,84.9586776859504,344,75.27352297592998,975,73.97572078907434
SAMD1,ENSG00000141858,623,51.48760330578512,183,40.0437636761488,750,56.904400606980275
TECR,ENSG00000099797,656,54.21487603305785,205,44.85776805251641,783,59.408194233687404
NDUFB7,ENSG00000099795,1023,84.54545454545455,366,80.0875273522976,1147,87.0257966616085
AKAP8L,ENSG00000011243,872,72.06611570247934,352,77.02407002188184,1012,76.78300455235205
TPM4,ENSG00000167460,805,66.52892561983471,230,50.32822757111597,687,52.12443095599393
FAM32A,ENSG00000105058,678,56.03305785123966,273,59.73741794310722,847,64.26403641881639
SMIM7,ENSG00000214046,824,68.09917355371901,243,53.17286652078774,773,58.649468892261005
PGLS,ENSG00000130313,804,66.44628099173553,255,55.798687089715536,841,63.80880121396054
RPL18A,ENSG00000105640,1210,100.0,457,100.0,1318,100.0
CCDC124,ENSG00000007080,619,51.15702479338843,194,42.4507658643326,693,52.57966616084977
JUND,ENSG00000130522,1193,98.59504132231405,456,99.78118161925602,1292,98.02731411229135
LSM4,ENSG00000130520,977,80.74380165289257,286,62.58205689277899,995,75.49317147192717
SSBP4,ENSG00000130511,624,51.570247933884296,172,37.63676148796499,730,55.38694992412747
ISYNA1,ENSG00000105655,782,64.62809917355372,143,31.291028446389497,455,34.52200303490137
FKBP8,ENSG00000105701,842,69.58677685950413,264,57.76805251641138,961,72.91350531107739
UBA52,ENSG00000221983,1209,99.91735537190083,457,100.0,1318,100.0
REX1BD,ENSG00000006015,611,50.49586776859504,166,36.32385120350109,603,45.75113808801214
COPE,ENSG00000105669,1049,86.69421487603306,403,88.18380743982495,1219,92.4886191198786
RFXANK,ENSG00000064490,631,52.14876033057851,157,34.35448577680525,380,28.83156297420334
NCAN,ENSG00000130287,726,60.0,298,65.20787746170679,1097,83.23216995447648
NDUFA13,ENSG00000186010,1192,98.51239669421487,455,99.56236323851203,1300,98.63429438543247
ZNF714,ENSG00000160352,679,56.11570247933885,253,55.36105032822757,949,72.00303490136571
ZNF431,ENSG00000196705,613,50.66115702479339,268,58.64332603938731,854,64.79514415781486
ZNF708,ENSG00000182141,650,53.71900826446281,307,67.17724288840262,883,66.99544764795145
ZNF43,ENSG00000198521,709,58.595041322314046,247,54.04814004376368,619,46.965098634294385
ZNF91,ENSG00000167232,863,71.32231404958678,372,81.4004376367615,1157,87.78452200303491
ZNF254,ENSG00000213096,795,65.70247933884298,380,83.15098468271334,1092,82.85280728376327
UQCRFS1,ENSG00000169021,999,82.56198347107438,356,77.89934354485777,1074,81.48710166919575
URI1,ENSG00000105176,990,81.81818181818183,322,70.45951859956236,962,72.98937784522003
PDCD5,ENSG00000105185,944,78.01652892561984,340,74.39824945295405,1076,81.63884673748103
LSM14A,ENSG00000257103,1051,86.85950413223141,379,82.93216630196937,1074,81.48710166919575
GPI,ENSG00000105220,976,80.66115702479338,326,71.33479212253829,967,73.36874051593323
UBA2,ENSG00000126261,1035,85.53719008264463,367,80.30634573304157,1094,83.00455235204855
ZNF302,ENSG00000089335,690,57.02479338842975,219,47.921225382932164,827,62.74658573596358
TMEM147,ENSG00000105677,792,65.45454545454545,258,56.455142231947484,838,63.58118361153262
COX6B1,ENSG00000126267,1174,97.02479338842976,452,98.90590809628009,1306,99.08952959028832
CLIP3,ENSG00000105270,636,52.56198347107438,235,51.42231947483589,942,71.47192716236722
POLR2I,ENSG00000105258,868,71.73553719008264,251,54.92341356673961,935,70.94081942336874
ZNF565,ENSG00000196357,660,54.54545454545454,239,52.29759299781181,729,55.31107738998483
ZNF146,ENSG00000167635,789,65.20661157024793,314,68.7089715536105,836,63.42943854324734
PSMD8,ENSG00000099341,1073,88.67768595041322,399,87.30853391684902,1187,90.06069802731412
EIF3K,ENSG00000178982,1116,92.23140495867769,425,92.99781181619255,1249,94.76479514415782
ECH1,ENSG00000104823,707,58.429752066115704,201,43.98249452954048,731,55.46282245827011
RPS16,ENSG00000105193,1210,100.0,457,100.0,1318,100.0
FBL,ENSG00000105202,896,74.0495867768595,308,67.39606126914661,840,63.7329286798179
PSMC4,ENSG00000013275,686,56.69421487603306,271,59.29978118161926,864,65.55386949924127
PLD3,ENSG00000105223,878,72.56198347107437,338,73.96061269146608,1096,83.15629742033383
LTBP4,ENSG00000090006,626,51.735537190082646,149,32.60393873085339,336,25.493171471927162
SNRPA,ENSG00000077312,723,59.75206611570248,237,51.85995623632385,617,46.813353566009106
HNRNPUL1,ENSG00000105323,877,72.47933884297521,287,62.80087527352297,940,71.32018209408194
RPS19,ENSG00000105372,1210,100.0,457,100.0,1318,100.0
RABAC1,ENSG00000105404,972,80.33057851239668,380,83.15098468271334,1147,87.0257966616085
PAFAH1B3,ENSG00000079462,1022,84.46280991735537,397,86.87089715536105,1284,97.42033383915023
ZNF428,ENSG00000131116,1092,90.24793388429751,407,89.05908096280088,1244,94.38543247344461
CADM4,ENSG00000105767,774,63.96694214876033,234,51.203501094091905,825,62.5948406676783
ZNF235,ENSG00000159917,643,53.1404958677686,200,43.7636761487965,605,45.90288315629742
ERCC1,ENSG00000012061,829,68.51239669421487,230,50.32822757111597,762,57.81487101669196
SNRPD2,ENSG00000125743,1167,96.44628099173553,438,95.84245076586433,1249,94.76479514415782
CALM3,ENSG00000160014,957,79.0909090909091,397,86.87089715536105,1216,92.26100151745068
ARHGAP35,ENSG00000160007,653,53.96694214876033,263,57.54923413566739,939,71.2443095599393
TMEM160,ENSG00000130748,664,54.87603305785124,218,47.70240700218819,925,70.18209408194234
NOP53,ENSG00000105373,1023,84.54545454545455,369,80.74398249452955,902,68.43702579666162
SELENOW,ENSG00000178980,828,68.4297520661157,329,71.99124726477024,1184,89.83308042488619
KDELR1,ENSG00000105438,985,81.40495867768594,394,86.2144420131291,1087,82.47344461305008
RPL18,ENSG00000063177,1210,100.0,457,100.0,1318,100.0
BAX,ENSG00000087088,899,74.29752066115702,237,51.85995623632385,719,54.55235204855842
FTL,ENSG00000087086,1208,99.83471074380165,457,100.0,1318,100.0
SNRNP70,ENSG00000104852,984,81.32231404958678,350,76.58643326039387,1042,79.05918057663126
PIH1D1,ENSG00000104872,632,52.231404958677686,218,47.70240700218819,707,53.64188163884673
RPL13A,ENSG00000142541,1210,100.0,457,100.0,1318,100.0
RPS11,ENSG00000142534,1210,100.0,457,100.0,1318,100.0
PRMT1,ENSG00000126457,1082,89.42148760330578,416,91.02844638949672,1227,93.09559939301973
PTOV1,ENSG00000104960,855,70.66115702479338,326,71.33479212253829,990,75.11380880121396
ZNF83,ENSG00000167766,685,56.611570247933884,240,52.516411378555794,731,55.46282245827011
ZNF677,ENSG00000197928,637,52.64462809917355,215,47.04595185995623,864,65.55386949924127
NDUFA3,ENSG00000170906,870,71.900826446281,347,75.92997811816193,1075,81.56297420333838
PRPF31,ENSG00000105618,614,50.743801652892564,175,38.29321663019694,550,41.7298937784522
TSEN34,ENSG00000170892,617,50.99173553719009,160,35.010940919037196,587,44.537177541729896
RPS9,ENSG00000170889,1210,100.0,457,100.0,1318,100.0
TTYH1,ENSG00000167614,1189,98.26446280991735,178,38.949671772428886,456,34.59787556904401
RPL28,ENSG00000108107,1210,100.0,457,100.0,1318,100.0
ZNF814,ENSG00000204514,605,50.0,260,56.89277899343544,690,52.35204855842185
ZSCAN18,ENSG00000121413,655,54.132231404958674,241,52.735229759299784,629,47.72382397572079
ZNF544,ENSG00000198131,749,61.90082644628099,239,52.29759299781181,705,53.490136570561454
RPS5,ENSG00000083845,1210,100.0,457,100.0,1318,100.0
TRIM28,ENSG00000130726,861,71.15702479338843,302,66.08315098468272,940,71.32018209408194
CHMP2A,ENSG00000130724,1055,87.19008264462809,366,80.0875273522976,1131,85.81183611532626
UBE2M,ENSG00000130725,828,68.4297520661157,324,70.89715536105032,1056,80.12139605462822
PSMF1,ENSG00000125818,699,57.768595041322314,204,44.63894967177243,766,58.11836115326252
FKBP1A,ENSG00000088832,754,62.314049586776854,327,71.55361050328227,1045,79.28679817905918
NSFL1C,ENSG00000088833,621,51.32231404958678,202,44.201312910284464,686,52.04855842185129
SNRPB,ENSG00000125835,1016,83.96694214876032,351,76.80525164113786,955,72.45827010622155
NOP56,ENSG00000101361,763,63.057851239669425,235,51.42231947483589,771,58.497723823975726
PTPRA,ENSG00000132670,1144,94.54545454545455,420,91.90371991247265,1230,93.32321699544764
MRPS26,ENSG00000125901,844,69.75206611570248,207,45.29540481400438,791,60.01517450682853
DNAAF9,ENSG00000088854,833,68.84297520661157,350,76.58643326039387,1139,86.41881638846738
ATRN,ENSG00000088812,615,50.82644628099173,239,52.29759299781181,769,58.34597875569044
PANK2,ENSG00000125779,725,59.917355371900825,252,55.14223194748359,687,52.12443095599393
RNF24,ENSG00000101236,695,57.438016528925615,405,88.62144420131291,1150,87.25341426403642
TMEM230,ENSG00000089063,760,62.8099173553719,251,54.92341356673961,755,57.28376327769348
PCNA,ENSG00000132646,673,55.619834710743795,157,34.35448577680525,387,29.362670713201823
GPCPD1,ENSG00000125772,644,53.223140495867774,177,38.7308533916849,602,45.6752655538695
PLCB4,ENSG00000101333,853,70.49586776859505,258,56.455142231947484,519,39.37784522003035
ESF1,ENSG00000089048,885,73.14049586776859,325,71.11597374179432,890,67.52655538694992
SNRPB2,ENSG00000125870,1113,91.98347107438016,433,94.74835886214443,1245,94.46130500758724
DSTN,ENSG00000125868,1187,98.09917355371901,438,95.84245076586433,1306,99.08952959028832
SMIM26,ENSG00000232388,907,74.95867768595042,323,70.67833698030634,856,64.94688922610014
DTD1,ENSG00000125821,949,78.4297520661157,425,92.99781181619255,1242,94.23368740515933
NAA20,ENSG00000173418,651,53.80165289256198,198,43.32603938730853,640,48.558421851289836
RALGAPA2,ENSG00000188559,1105,91.32231404958677,396,86.65207877461707,1200,91.04704097116844
XRN2,ENSG00000088930,1006,83.14049586776859,388,84.9015317286652,1169,88.69499241274659
CST3,ENSG00000101439,774,63.96694214876033,253,55.36105032822757,848,64.33990895295902
HM13,ENSG00000101294,769,63.553719008264466,265,57.98687089715536,846,64.18816388467374
ID1,ENSG00000125968,825,68.18181818181817,90,19.693654266958426,286,21.699544764795146
ASXL1,ENSG00000171456,952,78.67768595041322,322,70.45951859956236,1057,80.19726858877087
MAPRE1,ENSG00000101367,749,61.90082644628099,261,57.11159737417943,937,71.09256449165402
CBFA2T2,ENSG00000078699,772,63.80165289256199,436,95.40481400437638,1166,88.46737481031866
CHMP4B,ENSG00000101421,719,59.42148760330579,124,27.13347921225383,444,33.68740515933232
RALY,ENSG00000125970,938,77.52066115702479,346,75.71115973741794,970,73.59635811836115
EIF2S2,ENSG00000125977,1105,91.32231404958677,385,84.24507658643327,1149,87.17754172989378
ITCH,ENSG00000078747,917,75.78512396694215,357,78.11816192560175,972,73.74810318664643
DYNLRB1,ENSG00000125971,1004,82.97520661157026,409,89.49671772428884,1225,92.94385432473445
NCOA6,ENSG00000198646,768,63.47107438016529,323,70.67833698030634,1052,79.81790591805766
TRPC4AP,ENSG00000100991,724,59.83471074380166,272,59.51859956236324,907,68.81638846737481
EIF6,ENSG00000242372,691,57.107438016528924,213,46.608315098468275,752,57.056145675265554
ERGIC3,ENSG00000125991,772,63.80165289256199,243,53.17286652078774,774,58.725341426403645
CPNE1,ENSG00000214078,732,60.49586776859505,231,50.54704595185996,703,53.338391502276174
ROMO1,ENSG00000125995,1050,86.77685950413223,357,78.11816192560175,1107,83.99089529590287
RBM39,ENSG00000131051,1204,99.50413223140497,457,100.0,1302,98.78603945371776
PHF20,ENSG00000025293,875,72.31404958677686,367,80.30634573304157,1123,85.20485584218514
SCAND1,ENSG00000171222,917,75.78512396694215,373,81.61925601750546,1051,79.74203338391503
NORAD,ENSG00000260032,867,71.65289256198348,309,67.6148796498906,1025,77.76934749620638
DLGAP4,ENSG00000080845,750,61.98347107438017,401,87.74617067833698,1195,90.66767830045524
RAB5IF,ENSG00000101084,752,62.14876033057851,263,57.54923413566739,837,63.50531107738998
RPN2,ENSG00000118705,978,80.82644628099173,374,81.83807439824945,1075,81.56297420333838
NNAT,ENSG00000053438,1011,83.55371900826447,446,97.59299781181619,1254,95.14415781487102
TOP1,ENSG00000198900,1114,92.06611570247934,446,97.59299781181619,1256,95.2959028831563
ZHX3,ENSG00000174306,755,62.396694214876035,220,48.14004376367615,750,56.904400606980275
CHD6,ENSG00000124177,996,82.31404958677686,408,89.27789934354486,1082,82.09408194233687
SRSF6,ENSG00000124193,751,62.066115702479344,307,67.17724288840262,717,54.40060698027314
YWHAB,ENSG00000166913,1098,90.74380165289256,431,94.31072210065645,1295,98.25493171471928
NCOA5,ENSG00000124160,675,55.78512396694215,263,57.54923413566739,749,56.828528072837635
CSE1L,ENSG00000124207,704,58.18181818181818,229,50.10940919037199,803,60.925644916540215
STAU1,ENSG00000124214,863,71.32231404958678,323,70.67833698030634,961,72.91350531107739
ZFAS1,ENSG00000177410,1208,99.83471074380165,457,100.0,1312,99.54476479514416
UBE2V1,ENSG00000244687,897,74.13223140495869,304,66.52078774617067,980,74.35508345978755
DPM1,ENSG00000000419,631,52.14876033057851,225,49.23413566739606,620,47.040971168437025
PFDN4,ENSG00000101132,918,75.86776859504131,364,79.64989059080962,1023,77.6176024279211
DOK5,ENSG00000101134,1175,97.10743801652893,324,70.89715536105032,290,22.003034901365705
RTF2,ENSG00000022277,881,72.8099173553719,315,68.9277899343545,985,74.73444613050076
ATP5F1E,ENSG00000124172,1207,99.75206611570248,457,100.0,1316,99.84825493171472
CDH4,ENSG00000179242,1171,96.77685950413223,408,89.27789934354486,915,69.42336874051594
PSMA7,ENSG00000101182,1183,97.76859504132231,456,99.78118161925602,1315,99.77238239757207
RPS21,ENSG00000171858,1210,100.0,457,100.0,1318,100.0
COL9A3,ENSG00000092758,729,60.247933884297524,267,58.42450765864332,585,44.38543247344462
DIDO1,ENSG00000101191,661,54.62809917355372,254,55.57986870897156,722,54.77996965098634
PPDPF,ENSG00000125534,1127,93.14049586776859,424,92.77899343544857,1232,93.47496206373293
PRPF6,ENSG00000101161,841,69.50413223140495,277,60.61269146608315,890,67.52655538694992
TCEA2,ENSG00000171703,630,52.066115702479344,164,35.886214442013134,615,46.66160849772382
ENSG00000224905,ENSG00000224905,650,53.71900826446281,243,53.17286652078774,880,66.76783004552352
NRIP1,ENSG00000180530,796,65.78512396694215,260,56.89277899343544,641,48.634294385432476
USP25,ENSG00000155313,697,57.60330578512397,117,25.601750547045953,428,32.47344461305007
MIR99AHG,ENSG00000215386,1120,92.56198347107438,178,38.949671772428886,319,24.203338391502278
BTG3,ENSG00000154640,1077,89.00826446280992,277,60.61269146608315,679,51.517450682852804
NCAM2,ENSG00000154654,860,71.07438016528926,256,56.01750547045952,1063,80.6525037936267
JAM2,ENSG00000154721,669,55.289256198347104,225,49.23413566739606,491,37.253414264036415
ATP5PF,ENSG00000154723,1168,96.52892561983471,451,98.6870897155361,1305,99.01365705614568
APP,ENSG00000142192,1124,92.89256198347108,415,90.80962800875274,1278,96.96509863429439
LTN1,ENSG00000198862,632,52.231404958677686,224,49.01531728665208,777,58.952959028831565
USP16,ENSG00000156256,809,66.85950413223141,248,54.26695842450766,758,57.5113808801214
CCT8,ENSG00000156261,1107,91.48760330578513,411,89.93435448577681,1245,94.46130500758724
BACH1,ENSG00000156273,683,56.44628099173554,267,58.42450765864332,923,70.03034901365706
TIAM1,ENSG00000156299,637,52.64462809917355,241,52.735229759299784,1068,81.03186646433991
CFAP298,ENSG00000159079,675,55.78512396694215,326,71.33479212253829,826,62.67071320182094
PAXBP1,ENSG00000159086,965,79.75206611570248,358,78.33698030634574,977,74.12746585735962
GART,ENSG00000159131,651,53.80165289256198,173,37.85557986870897,595,45.144157814871015
CRYZL1,ENSG00000205758,731,60.413223140495866,272,59.51859956236324,875,66.38846737481032
ATP5PO,ENSG00000241837,1144,94.54545454545455,444,97.15536105032822,1295,98.25493171471928
MRPS6,ENSG00000243927,956,79.00826446280992,325,71.11597374179432,962,72.98937784522003
TTC3,ENSG00000182670,1208,99.83471074380165,456,99.78118161925602,1318,100.0
BRWD1,ENSG00000185658,1049,86.69421487603306,400,87.527352297593,1139,86.41881638846738
PDE9A,ENSG00000160191,720,59.50413223140496,311,68.05251641137856,986,74.81031866464339
NDUFV3,ENSG00000160194,867,71.65289256198348,293,64.11378555798687,890,67.52655538694992
RRP1B,ENSG00000160208,685,56.611570247933884,286,62.58205689277899,855,64.87101669195751
CSTB,ENSG00000160213,1001,82.72727272727273,373,81.61925601750546,944,71.6236722306525
UBE2G2,ENSG00000184787,830,68.59504132231406,286,62.58205689277899,911,69.11987860394537
SUMO3,ENSG00000184900,783,64.7107438016529,225,49.23413566739606,853,64.71927162367223
PTTG1IP,ENSG00000183255,706,58.34710743801653,322,70.45951859956236,762,57.81487101669196
PRMT2,ENSG00000160310,896,74.0495867768595,329,71.99124726477024,1116,84.67374810318664
MRPL40,ENSG00000185608,664,54.87603305785124,171,37.41794310722101,642,48.710166919575116
COMT,ENSG00000093010,783,64.7107438016529,271,59.29978118161926,731,55.46282245827011
RANBP1,ENSG00000099901,1089,90.0,389,85.12035010940919,1152,87.4051593323217
PI4KA,ENSG00000241973,699,57.768595041322314,288,63.01969365426696,984,74.65857359635811
UBE2L3,ENSG00000185651,972,80.33057851239668,390,85.33916849015317,1064,80.72837632776935
MAPK1,ENSG00000100030,857,70.82644628099175,307,67.17724288840262,908,68.89226100151745
SMARCB1,ENSG00000099956,982,81.15702479338843,369,80.74398249452955,1128,85.58421851289833
MIF,ENSG00000240972,1210,100.0,457,100.0,1318,100.0
DDT,ENSG00000099977,901,74.46280991735537,301,65.86433260393873,920,69.80273141122913
SPECC1L,ENSG00000100014,951,78.59504132231405,345,75.49234135667396,1101,83.53566009104703
SNRPD3,ENSG00000100028,887,73.30578512396694,289,63.23851203501094,868,65.85735963581185
SEZ6L,ENSG00000100095,754,62.314049586776854,261,57.11159737417943,602,45.6752655538695
MIAT,ENSG00000225783,745,61.57024793388429,422,92.34135667396062,1120,84.9772382397572
PITPNB,ENSG00000180957,781,64.54545454545455,277,60.61269146608315,886,67.22306525037936
TTC28-AS1,ENSG00000235954,606,50.082644628099175,175,38.29321663019694,563,42.716236722306526
TTC28,ENSG00000100154,1191,98.42975206611571,444,97.15536105032822,1305,99.01365705614568
ZNRF3,ENSG00000183579,659,54.46280991735537,119,26.039387308533918,608,46.13050075872534
EWSR1,ENSG00000182944,878,72.56198347107437,310,67.83369803063457,989,75.03793626707133
NIPSNAP1,ENSG00000184117,722,59.6694214876033,282,61.70678336980306,898,68.13353566009106
UQCR10,ENSG00000184076,1175,97.10743801652893,443,96.93654266958424,1293,98.103186646434
TUG1,ENSG00000253352,641,52.97520661157024,246,53.82932166301969,849,64.41578148710167
DRG1,ENSG00000185721,653,53.96694214876033,243,53.17286652078774,726,55.08345978755691
YWHAH,ENSG00000128245,916,75.70247933884298,361,78.99343544857767,1232,93.47496206373293
RTCB,ENSG00000100220,719,59.42148760330579,234,51.203501094091905,745,56.525037936267076
LARGE1,ENSG00000133424,786,64.95867768595042,290,63.45733041575492,1006,76.32776934749621
HMGXB4,ENSG00000100281,908,75.04132231404958,247,54.04814004376368,844,64.03641881638846
RBFOX2,ENSG00000100320,993,82.06611570247934,442,96.71772428884027,1313,99.6206373292868
TXN2,ENSG00000100348,766,63.30578512396694,241,52.735229759299784,746,56.600910470409715
EIF3D,ENSG00000100353,1005,83.05785123966942,315,68.9277899343545,947,71.85128983308043
MPST,ENSG00000128309,689,56.94214876033058,231,50.54704595185996,553,41.95751138088012
H1-0,ENSG00000189060,912,75.37190082644628,341,74.61706783369803,891,67.60242792109257
EIF3L,ENSG00000100129,1103,91.15702479338843,401,87.74617067833698,1130,85.73596358118361
POLR2F,ENSG00000100142,927,76.61157024793388,329,71.99124726477024,996,75.5690440060698
DDX17,ENSG00000100201,1162,96.03305785123966,426,93.21663019693655,1249,94.76479514415782
TOMM22,ENSG00000100216,740,61.15702479338842,248,54.26695842450766,759,57.58725341426404
RPL3,ENSG00000100316,1210,100.0,457,100.0,1318,100.0
ATF4,ENSG00000128272,909,75.12396694214875,319,69.80306345733041,881,66.84370257966617
RPS19BP1,ENSG00000187051,698,57.68595041322314,226,49.45295404814004,769,58.34597875569044
MRTFA,ENSG00000196588,797,65.86776859504133,333,72.86652078774617,1055,80.04552352048559
ST13,ENSG00000100380,1158,95.70247933884298,424,92.77899343544857,1203,91.27465857359635
RBX1,ENSG00000100387,1152,95.20661157024793,431,94.31072210065645,1271,96.4339908952959
SNU13,ENSG00000100138,1059,87.52066115702479,374,81.83807439824945,1154,87.55690440060698
SREBF2,ENSG00000198911,1054,87.10743801652893,379,82.93216630196937,1165,88.39150227617603
SMDT1,ENSG00000183172,1002,82.8099173553719,392,85.77680525164114,1130,85.73596358118361
NDUFA6,ENSG00000184983,940,77.68595041322314,359,78.55579868708972,1039,78.83156297420334
ARFGAP3,ENSG00000242247,683,56.44628099173554,216,47.26477024070022,728,55.23520485584219
TSPO,ENSG00000100300,971,80.24793388429752,315,68.9277899343545,956,72.53414264036418
PHF21B,ENSG00000056487,801,66.19834710743801,351,76.80525164113786,1115,84.597875569044
ATXN10,ENSG00000130638,1149,94.9586776859504,436,95.40481400437638,1261,95.67526555386951
CELSR1,ENSG00000075275,850,70.24793388429752,164,35.886214442013134,83,6.29742033383915
TBC1D22A,ENSG00000054611,609,50.3305785123967,266,58.20568927789934,848,64.33990895295902
TAFA5,ENSG00000219438,721,59.586776859504134,323,70.67833698030634,1060,80.42488619119878
PPP6R2,ENSG00000100239,743,61.40495867768595,288,63.01969365426696,924,70.10622154779969
SLC25A6,ENSG00000169100,1132,93.55371900826445,442,96.71772428884027,1205,91.42640364188163
DHRSX,ENSG00000169084,901,74.46280991735537,290,63.45733041575492,777,58.952959028831565
CD99,ENSG00000002586,1015,83.88429752066115,179,39.16849015317287,405,30.728376327769347
MID1,ENSG00000101871,1160,95.86776859504133,392,85.77680525164114,1002,76.02427921092566
TMSB4X,ENSG00000205542,1210,100.0,457,100.0,1318,100.0
GPM6B,ENSG00000046653,1166,96.36363636363636,371,81.1816192560175,1092,82.85280728376327
NHS,ENSG00000188158,772,63.80165289256199,170,37.199124726477024,338,25.644916540212442
EIF1AX,ENSG00000173674,1108,91.5702479338843,420,91.90371991247265,1236,93.77845220030349
SMS,ENSG00000102172,899,74.29752066115702,327,71.55361050328227,1072,81.33535660091047
PRDX4,ENSG00000123131,929,76.77685950413223,252,55.14223194748359,751,56.980273141122915
SAT1,ENSG00000130066,876,72.39669421487604,87,19.037199124726477,451,34.21851289833081
EIF2S3,ENSG00000130741,776,64.13223140495867,220,48.14004376367615,754,57.207890743550834
POLA1,ENSG00000101868,743,61.40495867768595,147,32.16630196936542,499,37.86039453717754
TMEM47,ENSG00000147027,782,64.62809917355372,124,27.13347921225383,220,16.69195751138088
ATP6AP2,ENSG00000182220,751,62.066115702479344,273,59.73741794310722,966,73.2928679817906
NDUFB11,ENSG00000147123,1146,94.7107438016529,447,97.81181619256017,1299,98.55842185128984
UBA1,ENSG00000130985,657,54.29752066115703,263,57.54923413566739,881,66.84370257966617
USP11,ENSG00000102226,753,62.231404958677686,265,57.98687089715536,933,70.78907435508346
UXT,ENSG00000126756,937,77.43801652892563,354,77.4617067833698,1016,77.08649468892261
RBM3,ENSG00000102317,904,74.7107438016529,364,79.64989059080962,1087,82.47344461305008
MAGED1,ENSG00000179222,1005,83.05785123966942,366,80.0875273522976,1092,82.85280728376327
GPR173,ENSG00000184194,654,54.049586776859506,298,65.20787746170679,840,63.7329286798179
MAGED2,ENSG00000102316,1083,89.50413223140495,355,77.68052516411379,1107,83.99089529590287
ENSG00000227486,ENSG00000227486,863,71.32231404958678,316,69.14660831509846,984,74.65857359635811
NBDY,ENSG00000204272,949,78.4297520661157,364,79.64989059080962,1103,83.68740515933231
LINC01278,ENSG00000235437,642,53.05785123966942,206,45.076586433260395,752,57.056145675265554
ZC4H2,ENSG00000126970,651,53.80165289256198,244,53.39168490153173,949,72.00303490136571
EFNB1,ENSG00000090776,752,62.14876033057851,146,31.947483588621445,341,25.87253414264036
IGBP1,ENSG00000089289,836,69.0909090909091,295,64.55142231947484,894,67.83004552352048
NONO,ENSG00000147140,1149,94.9586776859504,432,94.52954048140045,1227,93.09559939301973
PIN4,ENSG00000102309,802,66.28099173553719,303,66.3019693654267,892,67.6783004552352
RPS4X,ENSG00000198034,1210,100.0,457,100.0,1318,100.0
FTX,ENSG00000230590,1180,97.52066115702479,454,99.34354485776805,1312,99.54476479514416
JPX,ENSG00000225470,996,82.31404958677686,339,74.17943107221006,1055,80.04552352048559
ABCB7,ENSG00000131269,757,62.56198347107438,182,39.82494529540481,557,42.26100151745068
ZDHHC15,ENSG00000102383,651,53.80165289256198,178,38.949671772428886,527,39.98482549317147
COX7B,ENSG00000131174,1104,91.2396694214876,435,95.18599562363238,1261,95.67526555386951
PGK1,ENSG00000102144,1126,93.05785123966942,415,90.80962800875274,1185,89.90895295902884
SH3BGRL,ENSG00000131171,957,79.0909090909091,285,62.36323851203501,557,42.26100151745068
DIAPH2,ENSG00000147202,725,59.917355371900825,63,13.785557986870897,345,26.176024279210925
TSPAN6,ENSG00000000003,696,57.52066115702479,157,34.35448577680525,287,21.775417298937786
RPL36A,ENSG00000241343,1210,100.0,457,100.0,1318,100.0
ARMCX3,ENSG00000102401,637,52.64462809917355,216,47.26477024070022,761,57.73899848254932
TCEAL2,ENSG00000184905,724,59.83471074380166,269,58.86214442013129,1134,86.03945371775417
TMSB15A,ENSG00000158164,982,81.15702479338843,393,85.99562363238512,1161,88.08801213960547
BEX1,ENSG00000133169,906,74.87603305785125,415,90.80962800875274,1295,98.25493171471928
BEX4,ENSG00000102409,1040,85.9504132231405,368,80.52516411378556,1196,90.74355083459787
TCEAL8,ENSG00000180964,650,53.71900826446281,207,45.29540481400438,773,58.649468892261005
BEX2,ENSG00000133134,882,72.89256198347107,355,77.68052516411379,1206,91.50227617602428
TCEAL9,ENSG00000185222,867,71.65289256198348,267,58.42450765864332,724,54.93171471927162
BEX3,ENSG00000166681,1198,99.00826446280992,449,98.24945295404814,1306,99.08952959028832
TCEAL4,ENSG00000133142,935,77.27272727272727,353,77.24288840262582,1173,88.99848254931715
MORF4L2,ENSG00000123562,1099,90.82644628099173,431,94.31072210065645,1279,97.04097116843703
COL4A6,ENSG00000197565,794,65.6198347107438,180,39.38730853391685,194,14.719271623672231
COL4A5,ENSG00000188153,1011,83.55371900826447,248,54.26695842450766,288,21.851289833080425
PAK3,ENSG00000077264,967,79.91735537190083,446,97.59299781181619,1221,92.64036418816389
DCX,ENSG00000077279,966,79.83471074380165,444,97.15536105032822,1312,99.54476479514416
DANT2,ENSG00000235244,945,78.099173553719,198,43.32603938730853,785,59.55993930197268
PGRMC1,ENSG00000101856,901,74.46280991735537,353,77.24288840262582,1091,82.77693474962064
SLC25A5,ENSG00000005022,1109,91.65289256198346,406,88.8402625820569,1222,92.71623672230652
RPL39,ENSG00000198918,1210,100.0,457,100.0,1318,100.0
NDUFA1,ENSG00000125356,1087,89.83471074380165,404,88.40262582056893,1218,92.41274658573596
MCTS1,ENSG00000232119,606,50.082644628099175,280,61.2691466083151,1014,76.93474962063733
THOC2,ENSG00000125676,1077,89.00826446280992,397,86.87089715536105,1108,84.06676783004552
XIAP,ENSG00000101966,615,50.82644628099173,178,38.949671772428886,752,57.056145675265554
STAG2,ENSG00000101972,980,80.99173553719008,300,65.64551422319475,884,67.07132018209408
HS6ST2,ENSG00000171004,986,81.48760330578513,205,44.85776805251641,447,33.91502276176024
PHF6,ENSG00000156531,795,65.70247933884298,341,74.61706783369803,934,70.8649468892261
RTL8C,ENSG00000134590,624,51.570247933884296,299,65.42669584245077,898,68.13353566009106
RTL8A,ENSG00000203950,610,50.413223140495866,261,57.11159737417943,804,61.001517450682854
FHL1,ENSG00000022267,652,53.884297520661164,207,45.29540481400438,803,60.925644916540215
HTATSF1,ENSG00000102241,649,53.63636363636364,273,59.73741794310722,896,67.98179059180576
RBMX,ENSG00000147274,1179,97.43801652892562,451,98.6870897155361,1283,97.34446130500758
SOX3,ENSG00000134595,939,77.60330578512396,123,26.914660831509845,41,3.110773899848255
LINC00632,ENSG00000203930,1153,95.2892561983471,398,87.08971553610503,1191,90.36418816388468
HMGB3,ENSG00000029993,804,66.44628099173553,321,70.24070021881839,768,58.2701062215478
VMA21,ENSG00000160131,669,55.289256198347104,198,43.32603938730853,724,54.93171471927162
GDI1,ENSG00000203879,675,55.78512396694215,349,76.36761487964989,1121,85.05311077389986
FAM50A,ENSG00000071859,658,54.3801652892562,220,48.14004376367615,800,60.69802731411229
FUNDC2,ENSG00000165775,807,66.69421487603306,307,67.17724288840262,929,70.4855842185129
VBP1,ENSG00000155959,876,72.39669421487604,346,75.71115973741794,1077,81.71471927162366
RPS4Y1,ENSG00000129824,1160,95.86776859504133,444,97.15536105032822,1252,94.99241274658573
PRKY,ENSG00000099725,685,56.611570247933884,179,39.16849015317287,761,57.73899848254932
DDX3Y,ENSG00000067048,692,57.190082644628106,226,49.45295404814004,643,48.786039453717756
UTY,ENSG00000183878,962,79.50413223140495,326,71.33479212253829,986,74.81031866464339
TTTY14,ENSG00000176728,946,78.18181818181819,375,82.05689277899344,1174,89.07435508345979
EIF1AY,ENSG00000198692,707,58.429752066115704,228,49.89059080962801,542,41.122913505311075
MT-ND1,ENSG00000198888,1138,94.04958677685951,419,91.68490153172867,1209,91.7298937784522
MT-ND2,ENSG00000198763,1148,94.87603305785125,437,95.62363238512035,1253,95.06828528072838
MT-CO1,ENSG00000198804,1184,97.85123966942149,452,98.90590809628009,1312,99.54476479514416
MT-CO2,ENSG00000198712,1167,96.44628099173553,450,98.46827133479212,1303,98.8619119878604
MT-ATP6,ENSG00000198899,1165,96.28099173553719,444,97.15536105032822,1275,96.73748103186647
MT-CO3,ENSG00000198938,1174,97.02479338842976,448,98.03063457330416,1303,98.8619119878604
MT-ND3,ENSG00000198840,1153,95.2892561983471,430,94.09190371991247,1242,94.23368740515933
MT-ND4L,ENSG00000212907,686,56.69421487603306,272,59.51859956236324,872,66.1608497723824
MT-ND4,ENSG00000198886,1180,97.52066115702479,448,98.03063457330416,1311,99.46889226100151
MT-ND5,ENSG00000198786,1098,90.74380165289256,428,93.6542669584245,1263,95.82701062215479
MT-CYB,ENSG00000198727,1153,95.2892561983471,445,97.3741794310722,1290,97.87556904400607
